Input,Output,XP
bigreactors:dustblutonium,bigreactors:ingotblutonium,0.0
bigreactors:dustcyanite,bigreactors:ingotcyanite,0.0
bigreactors:dustgraphite,bigreactors:ingotgraphite,0.0
bigreactors:dustludicrite,bigreactors:ingotludicrite,0.0
ceramics:unfired_clay:7,ceramics:channel,0.5
ceramics:clay_barrel_unfired,ceramics:clay_barrel,0.5
ceramics:clay_barrel_unfired:1,ceramics:clay_barrel:1,0.5
ceramics:unfired_clay,ceramics:clay_bucket,0.5
minecraft:brick_block:*,ceramics:clay_hard:1,0.1
ceramics:unfired_clay:1,ceramics:clay_shears,0.5
minecraft:stone_slab:4,ceramics:clay_slab:1,0.1
ceramics:clay_wall,ceramics:clay_wall:2,0.1
minecraft:brick_stairs:*,ceramics:dark_bricks_stairs,0.1
ceramics:unfired_clay:6,ceramics:faucet,0.5
ceramics:clay_soft,ceramics:porcelain,0.1
ceramics:clay_barrel_unfired:2,ceramics:porcelain_barrel,0.5
ceramics:clay_barrel_unfired:3,ceramics:porcelain_barrel_extension,0.5
ceramics:unfired_clay:4,ceramics:unfired_clay:5,0.1
ceramics:unfired_clay:8,ceramics:unfired_clay:9,0.5
enderio:item_material:74,enderio:item_alloy_ingot:7,0.0
enderio:item_material:22,enderio:item_material:4 x2,0.0
foodexpansion:itembacon,foodexpansion:itemcookedbacon,0.35
foodexpansion:itembatwing,foodexpansion:itemcookedbatwing,0.35
foodexpansion:itemhorsemeat,foodexpansion:itemcookedhorsemeat,0.35
foodexpansion:itemllamameat,foodexpansion:itemcookedllamameat,0.35
foodexpansion:itemocelotmeat,foodexpansion:itemcookedocelotmeat,0.35
foodexpansion:itemparrotmeat,foodexpansion:itemcookedparrotmeat,0.35
foodexpansion:itempolarbearmeat,foodexpansion:itemcookedpolarbearmeat,0.35
foodexpansion:itemsquid,foodexpansion:itemcookedsquid,0.35
foodexpansion:itemwolfmeat,foodexpansion:itemcookedwolfmeat,0.35
minecraft:pumpkin_seeds,foodexpansion:itemroastedseed,0.35
minecraft:wheat_seeds,foodexpansion:itemroastedseed,0.35
minecraft:melon_seeds,foodexpansion:itemroastedseed,0.35
minecraft:beetroot_seeds,foodexpansion:itemroastedseed,0.35
industrialforegoing:dryrubber:*,industrialforegoing:plastic,0.0
sky_orchards:amber_niter,jaopca:block_blockniter,0.7
sky_orchards:amber_potash,jaopca:block_blockpotash,0.7
metallurgy:osmium_ore:*,mekanism:ingot:1,1.0
mekanism:oreblock,mekanism:ingot:1,1.0
sky_orchards:amber_osmium,mekanism:ingot:1,1.0
metallurgy:osmium_dust:*,mekanism:ingot:1,1.0
mekanism:dust:2,mekanism:ingot:1,1.0
mekanismtools:obsidianleggings:*,mekanism:nugget,0.1
mekanismtools:obsidianchestplate:*,mekanism:nugget,0.1
mekanismtools:obsidianhelmet:*,mekanism:nugget,0.1
mekanismtools:obsidianshovel:*,mekanism:nugget,0.1
mekanismtools:obsidianhoe:*,mekanism:nugget,0.1
mekanismtools:obsidianaxe:*,mekanism:nugget,0.1
mekanismtools:obsidiansword:*,mekanism:nugget,0.1
mekanismtools:obsidianpickaxe:*,mekanism:nugget,0.1
mekanismtools:obsidianboots:*,mekanism:nugget,0.1
mekanismtools:obsidianpaxel:*,mekanism:nugget,0.1
mekanismtools:osmiumboots:*,mekanism:nugget:1,0.1
mekanismtools:osmiumleggings:*,mekanism:nugget:1,0.1
mekanismtools:osmiumsword:*,mekanism:nugget:1,0.1
mekanismtools:osmiumchestplate:*,mekanism:nugget:1,0.1
mekanismtools:osmiumhoe:*,mekanism:nugget:1,0.1
mekanismtools:osmiumshovel:*,mekanism:nugget:1,0.1
mekanismtools:osmiumpaxel:*,mekanism:nugget:1,0.1
mekanismtools:osmiumhelmet:*,mekanism:nugget:1,0.1
mekanismtools:osmiumpickaxe:*,mekanism:nugget:1,0.1
mekanismtools:osmiumaxe:*,mekanism:nugget:1,0.1
mekanismtools:glowstoneleggings:*,mekanism:nugget:3,0.1
mekanismtools:glowstoneaxe:*,mekanism:nugget:3,0.1
mekanismtools:glowstoneshovel:*,mekanism:nugget:3,0.1
mekanismtools:glowstonehoe:*,mekanism:nugget:3,0.1
mekanismtools:glowstonepickaxe:*,mekanism:nugget:3,0.1
mekanismtools:glowstonechestplate:*,mekanism:nugget:3,0.1
mekanismtools:glowstoneboots:*,mekanism:nugget:3,0.1
mekanismtools:glowstonepaxel:*,mekanism:nugget:3,0.1
mekanismtools:glowstonehelmet:*,mekanism:nugget:3,0.1
mekanismtools:glowstonesword:*,mekanism:nugget:3,0.1
sky_orchards:amber_adamantine,metallurgy:adamantine_ingot,1.0
metallurgy:adamantine_dust:*,metallurgy:adamantine_ingot,1.0
metallurgy:adamantine_ore:*,metallurgy:adamantine_ingot,1.0
metallurgy:alduorite_dust:*,metallurgy:alduorite_ingot,1.0
sky_orchards:amber_alduorite,metallurgy:alduorite_ingot,1.0
metallurgy:alduorite_ore:*,metallurgy:alduorite_ingot,1.0
metallurgy:amordrine_dust:*,metallurgy:amordrine_ingot,0.6
metallurgy:angmallen_dust:*,metallurgy:angmallen_ingot,0.6
metallurgy:astral_silver_dust:*,metallurgy:astral_silver_ingot,0.7
sky_orchards:amber_astralsilver,metallurgy:astral_silver_ingot,0.7
metallurgy:astral_silver_ore:*,metallurgy:astral_silver_ingot,0.7
metallurgy:atlarus_ore:*,metallurgy:atlarus_ingot,1.0
metallurgy:atlarus_dust:*,metallurgy:atlarus_ingot,1.0
sky_orchards:amber_atlarus,metallurgy:atlarus_ingot,1.0
metallurgy:black_steel_dust:*,metallurgy:black_steel_ingot,0.6
metallurgy:carmot_dust:*,metallurgy:carmot_ingot,1.0
sky_orchards:amber_carmot,metallurgy:carmot_ingot,1.0
metallurgy:carmot_ore:*,metallurgy:carmot_ingot,1.0
metallurgy:celenegil_dust:*,metallurgy:celenegil_ingot,0.6
sky_orchards:amber_ceruclase,metallurgy:ceruclase_ingot,1.0
metallurgy:ceruclase_dust:*,metallurgy:ceruclase_ingot,1.0
metallurgy:ceruclase_ore:*,metallurgy:ceruclase_ingot,1.0
metallurgy:damascus_steel_dust:*,metallurgy:damascus_steel_ingot,0.6
sky_orchards:amber_deepiron,metallurgy:deep_iron_ingot,0.6
metallurgy:deep_iron_ore:*,metallurgy:deep_iron_ingot,0.6
metallurgy:deep_iron_dust:*,metallurgy:deep_iron_ingot,0.6
metallurgy:desichalkos_dust:*,metallurgy:desichalkos_ingot,0.6
metallurgy:eximite_ore:*,metallurgy:eximite_ingot,0.7
sky_orchards:amber_eximite,metallurgy:eximite_ingot,0.7
metallurgy:eximite_dust:*,metallurgy:eximite_ingot,0.7
metallurgy:haderoth_dust:*,metallurgy:haderoth_ingot,0.6
metallurgy:hepatizon_dust:*,metallurgy:hepatizon_ingot,0.6
metallurgy:ignatius_dust:*,metallurgy:ignatius_ingot,0.6
metallurgy:ignatius_ore:*,metallurgy:ignatius_ingot,0.6
sky_orchards:amber_ignatius,metallurgy:ignatius_ingot,0.6
metallurgy:infuscolium_ore:*,metallurgy:infuscolium_ingot,0.6
metallurgy:infuscolium_dust:*,metallurgy:infuscolium_ingot,0.6
sky_orchards:amber_infuscolium,metallurgy:infuscolium_ingot,0.6
metallurgy:inolashite_dust:*,metallurgy:inolashite_ingot,0.6
metallurgy:kalendrite_ore:*,metallurgy:kalendrite_ingot,0.7
sky_orchards:amber_kalendrite,metallurgy:kalendrite_ingot,0.7
metallurgy:kalendrite_dust:*,metallurgy:kalendrite_ingot,0.7
metallurgy:krik_dust:*,metallurgy:krik_ingot,0.6
metallurgy:lemurite_ore:*,metallurgy:lemurite_ingot,0.6
metallurgy:lemurite_dust:*,metallurgy:lemurite_ingot,0.6
sky_orchards:amber_lemurite,metallurgy:lemurite_ingot,0.6
metallurgy:lutetium_ore:*,metallurgy:lutetium_ingot,0.6
metallurgy:lutetium_dust:*,metallurgy:lutetium_ingot,0.6
sky_orchards:amber_lutetium,metallurgy:lutetium_ingot,0.6
metallurgy:manganese_dust:*,metallurgy:manganese_ingot,0.7
sky_orchards:amber_manganese,metallurgy:manganese_ingot,0.7
metallurgy:manganese_ore:*,metallurgy:manganese_ingot,0.7
metallurgy:meutoite_dust:*,metallurgy:meutoite_ingot,0.7
metallurgy:meutoite_ore:*,metallurgy:meutoite_ingot,0.7
sky_orchards:amber_meutoite,metallurgy:meutoite_ingot,0.7
sky_orchards:amber_midasium,metallurgy:midasium_ingot,1.0
metallurgy:midasium_ore:*,metallurgy:midasium_ingot,1.0
metallurgy:midasium_dust:*,metallurgy:midasium_ingot,1.0
metallurgy:mithril_dust:*,metallurgy:mithril_ingot,1.0
metallurgy:mithril_ore:*,metallurgy:mithril_ingot,1.0
sky_orchards:amber_mithril,metallurgy:mithril_ingot,1.0
metallurgy:orichalcum_ore:*,metallurgy:orichalcum_ingot,1.0
metallurgy:orichalcum_dust:*,metallurgy:orichalcum_ingot,1.0
sky_orchards:amber_orichalcum,metallurgy:orichalcum_ingot,1.0
metallurgy:oureclase_dust:*,metallurgy:oureclase_ingot,0.6
sky_orchards:amber_oureclase,metallurgy:oureclase_ingot,0.6
metallurgy:oureclase_ore:*,metallurgy:oureclase_ingot,0.6
metallurgy:phosphorite_ore:*,metallurgy:phosphorus,0.5
metallurgy:potash_ore:*,metallurgy:potash,0.5
metallurgy:prometheum_dust:*,metallurgy:prometheum_ingot,0.6
sky_orchards:amber_prometheum,metallurgy:prometheum_ingot,0.6
metallurgy:prometheum_ore:*,metallurgy:prometheum_ingot,0.6
metallurgy:quicksilver_dust:*,metallurgy:quicksilver_ingot,0.6
metallurgy:rubracium_ore:*,metallurgy:rubracium_ingot,1.0
metallurgy:rubracium_dust:*,metallurgy:rubracium_ingot,1.0
sky_orchards:amber_rubracium,metallurgy:rubracium_ingot,1.0
metallurgy:sanguinite_dust:*,metallurgy:sanguinite_ingot,0.6
metallurgy:sanguinite_ore:*,metallurgy:sanguinite_ingot,0.6
sky_orchards:amber_sanguinite,metallurgy:sanguinite_ingot,0.6
metallurgy:shadow_iron_ore:*,metallurgy:shadow_iron_ingot,1.0
sky_orchards:amber_shadowiron,metallurgy:shadow_iron_ingot,1.0
metallurgy:shadow_iron_dust:*,metallurgy:shadow_iron_ingot,1.0
metallurgy:shadow_steel_dust:*,metallurgy:shadow_steel_ingot,0.6
metallurgy:tar_ore:*,metallurgy:tar,0.5
metallurgy:tartarite_dust:*,metallurgy:tartarite_ingot,0.6
metallurgy:vulcanite_ore:*,metallurgy:vulcanite_ingot,0.7
sky_orchards:amber_vulcanite,metallurgy:vulcanite_ingot,0.7
metallurgy:vulcanite_dust:*,metallurgy:vulcanite_ingot,0.7
metallurgy:vyroxeres_dust:*,metallurgy:vyroxeres_ingot,0.6
metallurgy:vyroxeres_ore:*,metallurgy:vyroxeres_ingot,0.6
sky_orchards:amber_vyroxeres,metallurgy:vyroxeres_ingot,0.6
minecraft:potato:*,minecraft:baked_potato,0.35
minecraft:stained_hardened_clay:15,minecraft:black_glazed_terracotta,0.1
minecraft:stained_hardened_clay:11,minecraft:blue_glazed_terracotta,0.1
sky_orchards:amber_bone,minecraft:bone_block,0.7
enderio:item_material:21,minecraft:bread,0.35
foodexpansion:itemdough,minecraft:bread,0.35
nuclearcraft:flour,minecraft:bread,0.35
minecraft:clay_ball:*,minecraft:brick,0.3
minecraft:stained_hardened_clay:12,minecraft:brown_glazed_terracotta,0.1
minecraft:chorus_fruit:*,minecraft:chorus_fruit_popped,0.1
sky_orchards:amber_clay,minecraft:clay,0.7
minecraft:coal_ore:*,minecraft:coal,0.1
thermalfoundation:material:801,minecraft:coal:1,0.15
minecraft:log2:*,minecraft:coal:1,0.15
minecraft:log:*,minecraft:coal:1,0.15
traverse:fir_log,minecraft:coal:1,0.15
minecraft:beef:*,minecraft:cooked_beef,0.35
minecraft:chicken:*,minecraft:cooked_chicken,0.35
minecraft:fish,minecraft:cooked_fish,0.35
minecraft:fish:1,minecraft:cooked_fish:1,0.35
minecraft:mutton:*,minecraft:cooked_mutton,0.35
minecraft:porkchop:*,minecraft:cooked_porkchop,0.35
minecraft:rabbit:*,minecraft:cooked_rabbit,0.35
minecraft:stained_hardened_clay:9,minecraft:cyan_glazed_terracotta,0.1
minecraft:diamond_ore:*,minecraft:diamond,0.7
sky_orchards:amber_diamond,minecraft:diamond,0.7
sky_orchards:amber_dirt,minecraft:dirt,0.7
minecraft:cactus:*,minecraft:dye:2,0.2
minecraft:lapis_ore:*,minecraft:dye:4,0.2
sky_orchards:amber_lapis,minecraft:dye:4,0.2
minecraft:emerald_ore:*,minecraft:emerald,0.7
sky_orchards:amber_emerald,minecraft:emerald,0.7
minecraft:sand:*,minecraft:glass,0.1
sky_orchards:amber_glowstone,minecraft:glowstone_dust,0.7
thermalfoundation:material:1,minecraft:gold_ingot,0.7
sky_orchards:amber_gold,minecraft:gold_ingot,0.7
enderio:item_material:25,minecraft:gold_ingot,0.7
mekanism:dust:1,minecraft:gold_ingot,0.7
minecraft:gold_ore:*,minecraft:gold_ingot,0.7
techreborn:dust:24,minecraft:gold_ingot,0.7
metallurgy:gold_dust:*,minecraft:gold_ingot,0.7
minecraft:golden_shovel:*,minecraft:gold_nugget,0.1
minecraft:golden_leggings:*,minecraft:gold_nugget,0.1
minecraft:golden_chestplate:*,minecraft:gold_nugget,0.1
minecraft:golden_pickaxe:*,minecraft:gold_nugget,0.1
minecraft:golden_sword:*,minecraft:gold_nugget,0.1
minecraft:golden_horse_armor:*,minecraft:gold_nugget,0.1
minecraft:golden_hoe:*,minecraft:gold_nugget,0.1
minecraft:golden_axe:*,minecraft:gold_nugget,0.1
minecraft:golden_helmet:*,minecraft:gold_nugget,0.1
mekanismtools:goldpaxel:*,minecraft:gold_nugget,0.1
minecraft:golden_boots:*,minecraft:gold_nugget,0.1
railcraft:ore_metal_poor:1,minecraft:gold_nugget x3,0.1
sky_orchards:amber_gravel,minecraft:gravel,0.7
minecraft:stained_hardened_clay:7,minecraft:gray_glazed_terracotta,0.1
minecraft:stained_hardened_clay:13,minecraft:green_glazed_terracotta,0.1
minecraft:clay:*,minecraft:hardened_clay,0.35
metallurgy:iron_dust:*,minecraft:iron_ingot,0.7
mekanism:dust,minecraft:iron_ingot,0.7
thermalfoundation:material,minecraft:iron_ingot,0.7
enderio:item_material:24,minecraft:iron_ingot,0.7
sky_orchards:amber_iron,minecraft:iron_ingot,0.7
techreborn:dust:27,minecraft:iron_ingot,0.7
minecraft:iron_ore:*,minecraft:iron_ingot,0.7
minecraft:iron_pickaxe:*,minecraft:iron_nugget,0.1
minecraft:iron_sword:*,minecraft:iron_nugget,0.1
minecraft:iron_hoe:*,minecraft:iron_nugget,0.1
railcraft:tool_crowbar_iron,minecraft:iron_nugget,0.1
minecraft:chainmail_helmet:*,minecraft:iron_nugget,0.1
minecraft:chainmail_chestplate:*,minecraft:iron_nugget,0.1
mekanismtools:ironpaxel:*,minecraft:iron_nugget,0.1
minecraft:chainmail_leggings:*,minecraft:iron_nugget,0.1
railcraft:tool_spike_maul_iron,minecraft:iron_nugget,0.1
minecraft:iron_helmet:*,minecraft:iron_nugget,0.1
minecraft:iron_boots:*,minecraft:iron_nugget,0.1
minecraft:iron_horse_armor:*,minecraft:iron_nugget,0.1
minecraft:iron_shovel:*,minecraft:iron_nugget,0.1
minecraft:chainmail_boots:*,minecraft:iron_nugget,0.1
minecraft:iron_chestplate:*,minecraft:iron_nugget,0.1
minecraft:iron_leggings:*,minecraft:iron_nugget,0.1
minecraft:iron_axe:*,minecraft:iron_nugget,0.1
railcraft:ore_metal_poor,minecraft:iron_nugget x3,0.1
foodexpansion:itemcompressedflesh,minecraft:leather,0.35
minecraft:stained_hardened_clay:3,minecraft:light_blue_glazed_terracotta,0.1
minecraft:stained_hardened_clay:5,minecraft:lime_glazed_terracotta,0.1
minecraft:stained_hardened_clay:2,minecraft:magenta_glazed_terracotta,0.1
minecraft:netherrack:*,minecraft:netherbrick,0.1
sky_orchards:amber_netherrack,minecraft:netherrack,0.7
minecraft:stained_hardened_clay:1,minecraft:orange_glazed_terracotta,0.1
minecraft:stained_hardened_clay:6,minecraft:pink_glazed_terracotta,0.1
minecraft:stained_hardened_clay:10,minecraft:purple_glazed_terracotta,0.1
minecraft:quartz_ore:*,minecraft:quartz,0.2
sky_orchards:amber_quartz,minecraft:quartz,0.2
minecraft:stained_hardened_clay:14,minecraft:red_glazed_terracotta,0.1
sky_orchards:amber_redstone,minecraft:redstone,0.7
minecraft:redstone_ore:*,minecraft:redstone,0.7
sky_orchards:amber_sand,minecraft:sand,0.7
minecraft:stained_hardened_clay:8,minecraft:silver_glazed_terracotta,0.1
minecraft:sponge:1,minecraft:sponge,0.15
minecraft:cobblestone:*,minecraft:stone,0.1
quark:biome_cobblestone:2,minecraft:stone,0.1
railcraft:brick_granite:5,minecraft:stone:2,0.0
railcraft:brick_diorite:5,minecraft:stone:4,0.0
railcraft:brick_andesite:5,minecraft:stone:6,0.0
minecraft:stonebrick,minecraft:stonebrick:2,0.1
minecraft:stained_hardened_clay,minecraft:white_glazed_terracotta,0.1
sky_orchards:amber_cottonwood,minecraft:wool,0.7
minecraft:stained_hardened_clay:4,minecraft:yellow_glazed_terracotta,0.1
minecraft:apple,morecharcoal:apple_charcoal,0.0
minecraft:beetroot,morecharcoal:beet_charcoal,0.0
minecraft:bread,morecharcoal:bread_charcoal,0.0
minecraft:carrot,morecharcoal:carrot_charcoal,0.0
minecraft:chorus_fruit_popped,morecharcoal:chorus_charcoal,0.0
minecraft:egg,morecharcoal:egg_charcoal,0.0
minecraft:melon,morecharcoal:melon_charcoal,0.0
minecraft:baked_potato,morecharcoal:potato_charcoal,0.0
minecraft:reeds,morecharcoal:sugarcane_charcoal,0.0
nuclearcraft:americium:1,nuclearcraft:americium,0.0
nuclearcraft:americium:11,nuclearcraft:americium:10,0.0
nuclearcraft:americium:3,nuclearcraft:americium:2,0.0
nuclearcraft:americium:5,nuclearcraft:americium:4,0.0
nuclearcraft:americium:7,nuclearcraft:americium:6,0.0
nuclearcraft:americium:9,nuclearcraft:americium:8,0.0
nuclearcraft:berkelium:1,nuclearcraft:berkelium,0.0
nuclearcraft:berkelium:3,nuclearcraft:berkelium:2,0.0
nuclearcraft:berkelium:5,nuclearcraft:berkelium:4,0.0
nuclearcraft:berkelium:7,nuclearcraft:berkelium:6,0.0
nuclearcraft:californium:1,nuclearcraft:californium,0.0
nuclearcraft:californium:11,nuclearcraft:californium:10,0.0
nuclearcraft:californium:13,nuclearcraft:californium:12,0.0
nuclearcraft:californium:15,nuclearcraft:californium:14,0.0
nuclearcraft:californium:3,nuclearcraft:californium:2,0.0
nuclearcraft:californium:5,nuclearcraft:californium:4,0.0
nuclearcraft:californium:7,nuclearcraft:californium:6,0.0
nuclearcraft:californium:9,nuclearcraft:californium:8,0.0
nuclearcraft:curium:1,nuclearcraft:curium,0.0
nuclearcraft:curium:11,nuclearcraft:curium:10,0.0
nuclearcraft:curium:13,nuclearcraft:curium:12,0.0
nuclearcraft:curium:15,nuclearcraft:curium:14,0.0
nuclearcraft:curium:3,nuclearcraft:curium:2,0.0
nuclearcraft:curium:5,nuclearcraft:curium:4,0.0
nuclearcraft:curium:7,nuclearcraft:curium:6,0.0
nuclearcraft:curium:9,nuclearcraft:curium:8,0.0
nuclearcraft:depleted_fuel_americium:1,nuclearcraft:depleted_fuel_americium,0.0
nuclearcraft:depleted_fuel_americium:3,nuclearcraft:depleted_fuel_americium:2,0.0
nuclearcraft:depleted_fuel_berkelium:1,nuclearcraft:depleted_fuel_berkelium,0.0
nuclearcraft:depleted_fuel_berkelium:3,nuclearcraft:depleted_fuel_berkelium:2,0.0
nuclearcraft:depleted_fuel_californium:1,nuclearcraft:depleted_fuel_californium,0.0
nuclearcraft:depleted_fuel_californium:3,nuclearcraft:depleted_fuel_californium:2,0.0
nuclearcraft:depleted_fuel_californium:5,nuclearcraft:depleted_fuel_californium:4,0.0
nuclearcraft:depleted_fuel_californium:7,nuclearcraft:depleted_fuel_californium:6,0.0
nuclearcraft:depleted_fuel_curium:1,nuclearcraft:depleted_fuel_curium,0.0
nuclearcraft:depleted_fuel_curium:11,nuclearcraft:depleted_fuel_curium:10,0.0
nuclearcraft:depleted_fuel_curium:3,nuclearcraft:depleted_fuel_curium:2,0.0
nuclearcraft:depleted_fuel_curium:5,nuclearcraft:depleted_fuel_curium:4,0.0
nuclearcraft:depleted_fuel_curium:7,nuclearcraft:depleted_fuel_curium:6,0.0
nuclearcraft:depleted_fuel_curium:9,nuclearcraft:depleted_fuel_curium:8,0.0
nuclearcraft:depleted_fuel_neptunium:1,nuclearcraft:depleted_fuel_neptunium,0.0
nuclearcraft:depleted_fuel_neptunium:3,nuclearcraft:depleted_fuel_neptunium:2,0.0
nuclearcraft:depleted_fuel_plutonium:1,nuclearcraft:depleted_fuel_plutonium,0.0
nuclearcraft:depleted_fuel_plutonium:3,nuclearcraft:depleted_fuel_plutonium:2,0.0
nuclearcraft:depleted_fuel_plutonium:5,nuclearcraft:depleted_fuel_plutonium:4,0.0
nuclearcraft:depleted_fuel_plutonium:7,nuclearcraft:depleted_fuel_plutonium:6,0.0
nuclearcraft:depleted_fuel_thorium:1,nuclearcraft:depleted_fuel_thorium,0.0
nuclearcraft:depleted_fuel_uranium:1,nuclearcraft:depleted_fuel_uranium,0.0
nuclearcraft:depleted_fuel_uranium:3,nuclearcraft:depleted_fuel_uranium:2,0.0
nuclearcraft:depleted_fuel_uranium:5,nuclearcraft:depleted_fuel_uranium:4,0.0
nuclearcraft:depleted_fuel_uranium:7,nuclearcraft:depleted_fuel_uranium:6,0.0
nuclearcraft:gem_dust:1,nuclearcraft:dust_oxide:2,0.0
nuclearcraft:fuel_americium:1,nuclearcraft:fuel_americium,0.0
nuclearcraft:fuel_americium:3,nuclearcraft:fuel_americium:2,0.0
nuclearcraft:fuel_berkelium:1,nuclearcraft:fuel_berkelium,0.0
nuclearcraft:fuel_berkelium:3,nuclearcraft:fuel_berkelium:2,0.0
nuclearcraft:fuel_californium:1,nuclearcraft:fuel_californium,0.0
nuclearcraft:fuel_californium:3,nuclearcraft:fuel_californium:2,0.0
nuclearcraft:fuel_californium:5,nuclearcraft:fuel_californium:4,0.0
nuclearcraft:fuel_californium:7,nuclearcraft:fuel_californium:6,0.0
nuclearcraft:fuel_curium:1,nuclearcraft:fuel_curium,0.0
nuclearcraft:fuel_curium:11,nuclearcraft:fuel_curium:10,0.0
nuclearcraft:fuel_curium:3,nuclearcraft:fuel_curium:2,0.0
nuclearcraft:fuel_curium:5,nuclearcraft:fuel_curium:4,0.0
nuclearcraft:fuel_curium:7,nuclearcraft:fuel_curium:6,0.0
nuclearcraft:fuel_curium:9,nuclearcraft:fuel_curium:8,0.0
nuclearcraft:fuel_neptunium:1,nuclearcraft:fuel_neptunium,0.0
nuclearcraft:fuel_neptunium:3,nuclearcraft:fuel_neptunium:2,0.0
nuclearcraft:fuel_plutonium:1,nuclearcraft:fuel_plutonium,0.0
nuclearcraft:fuel_plutonium:3,nuclearcraft:fuel_plutonium:2,0.0
nuclearcraft:fuel_plutonium:5,nuclearcraft:fuel_plutonium:4,0.0
nuclearcraft:fuel_plutonium:7,nuclearcraft:fuel_plutonium:6,0.0
nuclearcraft:fuel_thorium:1,nuclearcraft:fuel_thorium,0.0
nuclearcraft:fuel_uranium:1,nuclearcraft:fuel_uranium,0.0
nuclearcraft:fuel_uranium:3,nuclearcraft:fuel_uranium:2,0.0
nuclearcraft:fuel_uranium:5,nuclearcraft:fuel_uranium:4,0.0
nuclearcraft:fuel_uranium:7,nuclearcraft:fuel_uranium:6,0.0
nuclearcraft:dust:10,nuclearcraft:ingot:10,0.0
techreborn:dust:31,nuclearcraft:ingot:11,0.0
nuclearcraft:ingot_oxide:2,nuclearcraft:ingot:11,0.0
nuclearcraft:dust:11,nuclearcraft:ingot:11,0.0
sky_orchards:amber_thorium,nuclearcraft:ingot:3,0.7
sky_orchards:amber_boron,nuclearcraft:ingot:5,0.5
nuclearcraft:ore:5,nuclearcraft:ingot:5,0.5
nuclearcraft:dust:5,nuclearcraft:ingot:5,0.5
sky_orchards:amber_lithium,nuclearcraft:ingot:6,0.5
nuclearcraft:dust:6,nuclearcraft:ingot:6,0.5
nuclearcraft:ore:6,nuclearcraft:ingot:6,0.5
sky_orchards:amber_magnesium,nuclearcraft:ingot:7,0.5
nuclearcraft:dust:7,nuclearcraft:ingot:7,0.5
techreborn:dust:30,nuclearcraft:ingot:7,0.5
nuclearcraft:ore:7,nuclearcraft:ingot:7,0.5
minecraft:coal,nuclearcraft:ingot:8,1.0
minecraft:coal:1,nuclearcraft:ingot:8,1.0
nuclearcraft:dust:8,nuclearcraft:ingot:8,1.0
nuclearcraft:dust:9,nuclearcraft:ingot:9,0.0
nuclearcraft:dust_oxide,nuclearcraft:ingot_oxide,0.0
nuclearcraft:dust_oxide:1,nuclearcraft:ingot_oxide:1,0.0
nuclearcraft:ingot_oxide:3,nuclearcraft:ingot_oxide:2,0.0
nuclearcraft:dust_oxide:2,nuclearcraft:ingot_oxide:2,0.0
nuclearcraft:dust_oxide:3,nuclearcraft:ingot_oxide:3,0.0
nuclearcraft:neptunium:1,nuclearcraft:neptunium,0.0
nuclearcraft:neptunium:3,nuclearcraft:neptunium:2,0.0
nuclearcraft:neptunium:5,nuclearcraft:neptunium:4,0.0
nuclearcraft:neptunium:7,nuclearcraft:neptunium:6,0.0
nuclearcraft:plutonium:1,nuclearcraft:plutonium,0.0
nuclearcraft:plutonium:11,nuclearcraft:plutonium:10,0.0
nuclearcraft:plutonium:13,nuclearcraft:plutonium:12,0.0
nuclearcraft:plutonium:15,nuclearcraft:plutonium:14,0.0
nuclearcraft:plutonium:3,nuclearcraft:plutonium:2,0.0
nuclearcraft:plutonium:5,nuclearcraft:plutonium:4,0.0
nuclearcraft:plutonium:7,nuclearcraft:plutonium:6,0.0
nuclearcraft:plutonium:9,nuclearcraft:plutonium:8,0.0
minecraft:dye:3,nuclearcraft:roasted_cocoa_beans,0.0
nuclearcraft:thorium:1,nuclearcraft:thorium,0.0
nuclearcraft:thorium:3,nuclearcraft:thorium:2,0.0
nuclearcraft:thorium:5,nuclearcraft:thorium:4,0.0
nuclearcraft:thorium:7,nuclearcraft:thorium:6,0.0
nuclearcraft:uranium:1,nuclearcraft:uranium,0.0
nuclearcraft:uranium:11,nuclearcraft:uranium:10,0.0
nuclearcraft:uranium:3,nuclearcraft:uranium:2,0.0
nuclearcraft:uranium:5,nuclearcraft:uranium:4,0.0
nuclearcraft:uranium:7,nuclearcraft:uranium:6,0.0
nuclearcraft:uranium:9,nuclearcraft:uranium:8,0.0
opencomputers:material:2,opencomputers:material:4,0.0
minecraft:stone:*,projectred-core:resource_item x2,0.0
projectred-core:resource_item:251,projectred-core:resource_item:103,0.0
projectred-core:resource_item:252,projectred-core:resource_item:104,0.0
projectred-core:resource_item:250,projectred-core:resource_item:300,0.0
projectred-core:resource_item:310,projectred-core:resource_item:320,0.0
projectred-core:resource_item:311,projectred-core:resource_item:341,0.0
projectred-core:resource_item:312,projectred-core:resource_item:342,0.0
quark:biotite_ore:*,quark:biotite,1.0
quark:crab_leg:*,quark:cooked_crab_leg,0.35
quark:frog_leg:*,quark:cooked_frog_leg,0.35
railcraft:brick_abyssal:5,railcraft:brick_abyssal:2,0.0
railcraft:generic:8,railcraft:brick_abyssal:2,0.0
railcraft:brick_bleachedbone:5,railcraft:brick_bleachedbone:2,0.0
minecraft:bone_block,railcraft:brick_bleachedbone:2 x2,0.0
railcraft:brick_bloodstained:5,railcraft:brick_bloodstained:2,0.0
railcraft:brick_frostbound:5,railcraft:brick_frostbound:2,0.0
railcraft:brick_infernal:5,railcraft:brick_infernal:2,0.0
railcraft:brick_nether:5,railcraft:brick_nether:2,0.0
minecraft:nether_brick,railcraft:brick_nether:2,0.0
railcraft:brick_pearlized:5,railcraft:brick_pearlized:2,0.0
railcraft:brick_quarried:5,railcraft:brick_quarried:2,0.0
railcraft:generic:9,railcraft:brick_quarried:2,0.0
minecraft:red_nether_brick,railcraft:brick_red_nether:2,0.0
railcraft:brick_red_nether:5,railcraft:brick_red_nether:2,0.0
railcraft:brick_red_sandy:5,railcraft:brick_red_sandy:2,0.0
railcraft:brick_sandy:5,railcraft:brick_sandy:2,0.0
refinedstorage:processor,refinedstorage:processor:3,0.5
refinedstorage:processor:1,refinedstorage:processor:4,0.5
refinedstorage:processor:2,refinedstorage:processor:5,0.5
minecraft:quartz:*,refinedstorage:silicon,0.5
stevescarts:modulecomponents:11,stevescarts:modulecomponents:12,0.0
stevescarts:modulecomponents:18,stevescarts:modulecomponents:19,0.0
stevescarts:modulecomponents:21,stevescarts:modulecomponents:22,0.0
stevescarts:modulecomponents:46,stevescarts:modulecomponents:47,0.0
stevescarts:modulecomponents:48,stevescarts:modulecomponents:49,0.0
tcomplement:scorched_block:1,tcomplement:scorched_block,0.5
tcomplement:scorched_block:3,tcomplement:scorched_block:4,0.1
tcomplement:scorched_slab:3,tcomplement:scorched_slab:4,0.1
tcomplement:scorched_stairs_brick:*,tcomplement:scorched_stairs_brick_cracked,0.1
tconstruct:brownstone:1,tconstruct:brownstone,0.1
tconstruct:brownstone:3,tconstruct:brownstone:4,0.1
tconstruct:ore,tconstruct:ingots,1.0
enderio:item_material:31,tconstruct:ingots,1.0
sky_orchards:amber_cobalt,tconstruct:ingots,1.0
jaopca:item_dustcobalt,tconstruct:ingots,1.0
sky_orchards:amber_ardite,tconstruct:ingots:1,0.7
enderio:item_material:30,tconstruct:ingots:1,0.7
jaopca:item_dustardite,tconstruct:ingots:1,0.7
tconstruct:ore:1,tconstruct:ingots:1,0.7
tconstruct:soil,tconstruct:materials,0.4
tconstruct:soil:2,tconstruct:materials:10,0.75
tconstruct:soil:5,tconstruct:materials:11,0.75
tconstruct:soil:1,tconstruct:materials:9,0.75
tconstruct:spaghetti:2,tconstruct:moms_spaghetti,2.0
tconstruct:seared:3,tconstruct:seared:4,0.1
tconstruct:slime_congealed,tconstruct:slime_channel x3,0.15
tconstruct:slime_congealed:1,tconstruct:slime_channel:1 x3,0.15
tconstruct:slime_congealed:2,tconstruct:slime_channel:2 x3,0.15
tconstruct:slime_congealed:3,tconstruct:slime_channel:3 x3,0.15
tconstruct:slime_congealed:4,tconstruct:slime_channel:4 x3,0.15
tconstruct:slime_congealed:5,tconstruct:slime_channel:5 x3,0.15
tconstruct:soil:3,tconstruct:soil:4,0.1
metallurgy:brass_dust:*,techreborn:ingot:1,0.6
techreborn:dust:6,techreborn:ingot:1,0.6
techreborn:dust:54,techreborn:ingot:14,0.0
techreborn:dust:55,techreborn:ingot:15,0.0
metallurgy:zinc_ore:*,techreborn:ingot:18,0.6
techreborn:dust:59,techreborn:ingot:18,0.6
railcraft:ore_metal:5,techreborn:ingot:18,0.6
metallurgy:zinc_dust:*,techreborn:ingot:18,0.6
minecraft:iron_ingot,techreborn:ingot:19,1.0
techreborn:ingot:21,techreborn:ingot:20,1.0
nuclearcraft:ingot_oxide,techreborn:ingot:23,0.0
nuclearcraft:ore:3,techreborn:ingot:23,0.0
nuclearcraft:dust:3,techreborn:ingot:23,0.0
bigreactors:dustyellorium,techreborn:ingot:24,0.7
nuclearcraft:ingot_oxide:1,techreborn:ingot:24,0.7
sky_orchards:amber_zinc,techreborn:ingot:24,0.7
sky_orchards:amber_uranium,techreborn:ingot:24,0.7
nuclearcraft:dust:4,techreborn:ingot:24,0.7
techreborn:dust:66,techreborn:ingot:24,0.7
nuclearcraft:ore:4,techreborn:ingot:24,0.7
bigreactors:oreyellorite,techreborn:ingot:24,0.7
railcraft:ore_metal_poor:7,techreborn:nuggets:18 x3,0.3
techreborn:part:31,techreborn:part:32,1.0
thermalfoundation:ore,thermalfoundation:material:128,1.0
mekanism:dust:3,thermalfoundation:material:128,1.0
techreborn:dust:14,thermalfoundation:material:128,1.0
sky_orchards:amber_copper,thermalfoundation:material:128,1.0
nuclearcraft:dust,thermalfoundation:material:128,1.0
mekanism:oreblock:1,thermalfoundation:material:128,1.0
techreborn:ore2,thermalfoundation:material:128,1.0
railcraft:ore_metal,thermalfoundation:material:128,1.0
thermalfoundation:material:64,thermalfoundation:material:128,1.0
enderio:item_material:26,thermalfoundation:material:128,1.0
metallurgy:copper_ore:*,thermalfoundation:material:128,1.0
metallurgy:copper_dust:*,thermalfoundation:material:128,1.0
metallurgy:tin_dust:*,thermalfoundation:material:129,0.7
nuclearcraft:dust:1,thermalfoundation:material:129,0.7
thermalfoundation:ore:1,thermalfoundation:material:129,0.7
mekanism:dust:4,thermalfoundation:material:129,0.7
techreborn:ore2:1,thermalfoundation:material:129,0.7
thermalfoundation:material:65,thermalfoundation:material:129,0.7
metallurgy:tin_ore:*,thermalfoundation:material:129,0.7
mekanism:oreblock:2,thermalfoundation:material:129,0.7
railcraft:ore_metal:1,thermalfoundation:material:129,0.7
enderio:item_material:27,thermalfoundation:material:129,0.7
techreborn:dust:53,thermalfoundation:material:129,0.7
sky_orchards:amber_tin,thermalfoundation:material:129,0.7
sky_orchards:amber_silver,thermalfoundation:material:130,1.0
techreborn:dust:47,thermalfoundation:material:130,1.0
metallurgy:silver_dust:*,thermalfoundation:material:130,1.0
thermalfoundation:ore:2,thermalfoundation:material:130,1.0
thermalfoundation:material:66,thermalfoundation:material:130,1.0
nuclearcraft:dust:13,thermalfoundation:material:130,1.0
mekanism:dust:5,thermalfoundation:material:130,1.0
railcraft:ore_metal:3,thermalfoundation:material:130,1.0
techreborn:ore:13,thermalfoundation:material:130,1.0
metallurgy:silver_ore:*,thermalfoundation:material:130,1.0
mekanism:dust:6,thermalfoundation:material:131,0.0
techreborn:dust:29,thermalfoundation:material:131,0.0
sky_orchards:amber_lead,thermalfoundation:material:131,0.0
techreborn:ore:12,thermalfoundation:material:131,0.0
thermalfoundation:material:67,thermalfoundation:material:131,0.0
railcraft:ore_metal:2,thermalfoundation:material:131,0.0
nuclearcraft:dust:2,thermalfoundation:material:131,0.0
thermalfoundation:ore:3,thermalfoundation:material:131,0.0
nuclearcraft:dust:12,thermalfoundation:material:132,0.0
thermalfoundation:material:68,thermalfoundation:material:132,0.0
techreborn:dust:1,thermalfoundation:material:132,0.0
thermalfoundation:ore:4,thermalfoundation:material:132,0.0
sky_orchards:amber_aluminum,thermalfoundation:material:132,0.0
railcraft:ore_metal:4,thermalfoundation:material:133,1.0
techreborn:dust:34,thermalfoundation:material:133,1.0
thermalfoundation:ore:5,thermalfoundation:material:133,1.0
sky_orchards:amber_nickel,thermalfoundation:material:133,1.0
thermalfoundation:material:69,thermalfoundation:material:133,1.0
techreborn:ore:9,thermalfoundation:material:134,1.0
thermalfoundation:ore:6,thermalfoundation:material:134,1.0
metallurgy:platinum_ore:*,thermalfoundation:material:134,1.0
metallurgy:platinum_dust:*,thermalfoundation:material:134,1.0
techreborn:dust:38,thermalfoundation:material:134,1.0
thermalfoundation:material:70,thermalfoundation:material:134,1.0
sky_orchards:amber_platinum,thermalfoundation:material:134,1.0
thermalfoundation:material:71,thermalfoundation:material:135,1.2
thermalfoundation:ore:7,thermalfoundation:material:135,1.2
sky_orchards:amber_iridium,thermalfoundation:material:135,1.2
thermalfoundation:material:72,thermalfoundation:material:136,1.5
thermalfoundation:ore:8,thermalfoundation:material:136,1.5
bigreactors:duststeel,thermalfoundation:material:160,0.6
mekanism:otherdust:1,thermalfoundation:material:160,0.6
techreborn:dust:51,thermalfoundation:material:160,0.6
thermalfoundation:material:96,thermalfoundation:material:160,0.6
metallurgy:steel_dust:*,thermalfoundation:material:160,0.6
techreborn:dust:17,thermalfoundation:material:161,1.0
metallurgy:electrum_dust:*,thermalfoundation:material:161,1.0
thermalfoundation:material:97,thermalfoundation:material:161,1.0
techreborn:dust:26,thermalfoundation:material:162,0.0
thermalfoundation:material:98,thermalfoundation:material:162,0.0
thermalfoundation:material:99,thermalfoundation:material:163,0.0
techreborn:dust:7,thermalfoundation:material:163,0.0
metallurgy:bronze_dust:*,thermalfoundation:material:163,0.0
thermalfoundation:material:100,thermalfoundation:material:164,0.0
railcraft:ore_metal_poor:2,thermalfoundation:material:192 x3,0.3
railcraft:ore_metal_poor:3,thermalfoundation:material:193 x3,0.3
railcraft:ore_metal_poor:5,thermalfoundation:material:194 x3,0.3
railcraft:ore_metal_poor:4,thermalfoundation:material:195 x3,0.3
railcraft:ore_metal_poor:6,thermalfoundation:material:197 x3,0.3
mekanismtools:steelsword:*,thermalfoundation:material:224,0.1
mekanismtools:steelboots:*,thermalfoundation:material:224,0.1
railcraft:tool_shovel_steel,thermalfoundation:material:224,0.1
railcraft:armor_chestplate_steel,thermalfoundation:material:224,0.1
railcraft:tool_crowbar_steel,thermalfoundation:material:224,0.1
railcraft:armor_boots_steel,thermalfoundation:material:224,0.1
mekanismtools:steelchestplate:*,thermalfoundation:material:224,0.1
railcraft:tool_spike_maul_steel,thermalfoundation:material:224,0.1
mekanismtools:steelhoe:*,thermalfoundation:material:224,0.1
mekanismtools:steelpaxel:*,thermalfoundation:material:224,0.1
railcraft:tool_axe_steel,thermalfoundation:material:224,0.1
railcraft:tool_hoe_steel,thermalfoundation:material:224,0.1
railcraft:armor_helmet_steel,thermalfoundation:material:224,0.1
railcraft:tool_pickaxe_steel,thermalfoundation:material:224,0.1
mekanismtools:steelshovel:*,thermalfoundation:material:224,0.1
mekanismtools:steelaxe:*,thermalfoundation:material:224,0.1
mekanismtools:steelpickaxe:*,thermalfoundation:material:224,0.1
mekanismtools:steelhelmet:*,thermalfoundation:material:224,0.1
mekanismtools:steelleggings:*,thermalfoundation:material:224,0.1
railcraft:armor_leggings_steel,thermalfoundation:material:224,0.1
railcraft:tool_sword_steel,thermalfoundation:material:224,0.1
mekanismtools:bronzehelmet:*,thermalfoundation:material:227,0.1
mekanismtools:bronzeboots:*,thermalfoundation:material:227,0.1
mekanismtools:bronzeaxe:*,thermalfoundation:material:227,0.1
mekanismtools:bronzechestplate:*,thermalfoundation:material:227,0.1
mekanismtools:bronzepickaxe:*,thermalfoundation:material:227,0.1
mekanismtools:bronzeshovel:*,thermalfoundation:material:227,0.1
mekanismtools:bronzepaxel:*,thermalfoundation:material:227,0.1
mekanismtools:bronzesword:*,thermalfoundation:material:227,0.1
mekanismtools:bronzeleggings:*,thermalfoundation:material:227,0.1
mekanismtools:bronzehoe:*,thermalfoundation:material:227,0.1
metallurgy:sulfur_ore:*,thermalfoundation:material:771,0.5
thermalfoundation:material:864,thermalfoundation:rockwool:7,0.1
minecraft:apple:*,tp:cooked_apple,1.0
tp:raw_bacon:*,tp:cooked_bacon,0.5
minecraft:brown_mushroom:*,tp:cooked_mushroom_brown,0.5
minecraft:red_mushroom:*,tp:cooked_mushroom_red,0.5
tp:flint_block:*,tp:flint_ingot,1.0
minecraft:egg:*,tp:fried_egg,0.5
tp:unhardened_stone,tp:hardened_stone,1.0
minecraft:sugar:*,tp:little_candy,0.5
minecraft:rotten_flesh:*,tp:monster_jerky,0.5
minecraft:bread:*,tp:toasted_bread,0.5
tp:wub_gem:*,tp:wub_ingot,1.0
traverse:blue_rock_cobblestone,traverse:blue_rock,0.1
traverse:red_rock_cobblestone,traverse:red_rock,0.1