ID,Class Name,Is Tickable
bdsandm:barrel,funwayguy.bdsandm.blocks.tiles.TileEntityBarrel,-
bdsandm:crate,funwayguy.bdsandm.blocks.tiles.TileEntityCrate,-
bdsandm:shipping,funwayguy.bdsandm.blocks.tiles.TileEntityShipping,+
bedrockores:bedrock_miner,li.cil.bedrockores.common.tileentity.TileEntityBedrockMiner,+
bedrockores:bedrock_ore,li.cil.bedrockores.common.tileentity.TileEntityBedrockOre,-
bigreactors:tileentityreactoraccessport,erogenousbeef.bigreactors.common.multiblock.tileentity.TileEntityReactorAccessPort,-
bigreactors:tileentityreactorcomputerport,erogenousbeef.bigreactors.common.multiblock.tileentity.TileEntityReactorComputerPort,-
bigreactors:tileentityreactorcontroller,erogenousbeef.bigreactors.common.multiblock.tileentity.TileEntityReactorController,-
bigreactors:tileentityreactorcontrolrod,erogenousbeef.bigreactors.common.multiblock.tileentity.TileEntityReactorControlRod,-
bigreactors:tileentityreactorcoolantport,erogenousbeef.bigreactors.common.multiblock.tileentity.TileEntityReactorCoolantPort,-
bigreactors:tileentityreactorcreativecoolantport,erogenousbeef.bigreactors.common.multiblock.tileentity.creative.TileEntityReactorCreativeCoolantPort,-
bigreactors:tileentityreactorfuelrod,erogenousbeef.bigreactors.common.multiblock.tileentity.TileEntityReactorFuelRod,-
bigreactors:tileentityreactorglass,erogenousbeef.bigreactors.common.multiblock.tileentity.TileEntityReactorGlass,-
bigreactors:tileentityreactorpart,erogenousbeef.bigreactors.common.multiblock.tileentity.TileEntityReactorPart,-
bigreactors:tileentityreactorpowertapredstoneflux,erogenousbeef.bigreactors.common.multiblock.tileentity.TileEntityReactorPowerTapRedstoneFlux,-
bigreactors:tileentityreactorpowertaptesla,erogenousbeef.bigreactors.common.multiblock.tileentity.TileEntityReactorPowerTapTesla,-
bigreactors:tileentityreactorrednetport,erogenousbeef.bigreactors.common.multiblock.tileentity.TileEntityReactorRedNetPort,-
bigreactors:tileentityreactorredstoneport,erogenousbeef.bigreactors.common.multiblock.tileentity.TileEntityReactorRedstonePort,-
bigreactors:tileentityturbinecomputerport,erogenousbeef.bigreactors.common.multiblock.tileentity.TileEntityTurbineComputerPort,-
bigreactors:tileentityturbinecontroller,erogenousbeef.bigreactors.common.multiblock.tileentity.TileEntityTurbineController,-
bigreactors:tileentityturbinecreativesteamgenerator,erogenousbeef.bigreactors.common.multiblock.tileentity.creative.TileEntityTurbineCreativeSteamGenerator,-
bigreactors:tileentityturbinefluidport,erogenousbeef.bigreactors.common.multiblock.tileentity.TileEntityTurbineFluidPort,-
bigreactors:tileentityturbinepart,erogenousbeef.bigreactors.common.multiblock.tileentity.TileEntityTurbinePart,-
bigreactors:tileentityturbinepartglass,erogenousbeef.bigreactors.common.multiblock.tileentity.TileEntityTurbinePartGlass,-
bigreactors:tileentityturbinepowertapredstoneflux,erogenousbeef.bigreactors.common.multiblock.tileentity.TileEntityTurbinePowerTapRedstoneFlux,-
bigreactors:tileentityturbinepowertaptesla,erogenousbeef.bigreactors.common.multiblock.tileentity.TileEntityTurbinePowerTapTesla,-
bigreactors:tileentityturbinerotorbearing,erogenousbeef.bigreactors.common.multiblock.tileentity.TileEntityTurbineRotorBearing,-
bigreactors:tileentityturbinerotorblade,erogenousbeef.bigreactors.common.multiblock.tileentity.TileEntityTurbineRotorBlade,-
bigreactors:tileentityturbinerotorshaft,erogenousbeef.bigreactors.common.multiblock.tileentity.TileEntityTurbineRotorShaft,-
campfire:tile_entity_campfire,jsit.campfire.tileentity.TileEntityCampfire,+
ccmp:saved_multipart,codechicken.multipart.handler.MultipartSaveLoad$TileNBTContainer,+
ceramics:barrel,knightminer.ceramics.tileentity.TileBarrel,-
ceramics:barrel_extension,knightminer.ceramics.tileentity.TileBarrelExtension,-
ceramics:channel,knightminer.ceramics.tileentity.TileChannel,+
ceramics:faucet,knightminer.ceramics.tileentity.TileFaucet,+
chisel:auto_chisel,team.chisel.common.block.TileAutoChisel,+
chiselsandbits:mod.chiselsandbits.tileentitychiseled,mod.chiselsandbits.integration.mcmultipart.ChiseledBlockPart,-
colossalchests:colossal_chest,org.cyclops.colossalchests.tileentity.TileColossalChest,+
colossalchests:interface,org.cyclops.colossalchests.tileentity.TileInterface,-
colossalchests:uncolossal_chest,org.cyclops.colossalchests.tileentity.TileUncolossalChest,+
comforts:tile_entity_hammock,c4.comforts.common.tileentities.TileEntityHammock,-
conarm:armorforge,c4.conarm.common.tileentities.TileArmorForge,-
conarm:armorstation,c4.conarm.common.tileentities.TileArmorStation,-
culinaryconstruct:sandwich_station,c4.culinaryconstruct.common.tileentity.TileEntitySandwichStation,-
enderio:tile_alloy_smelter,crazypants.enderio.machines.machine.alloy.TileAlloySmelter,+
enderio:tile_alloy_smelter_enhanced,crazypants.enderio.machines.machine.alloy.TileAlloySmelter$Enhanced,+
enderio:tile_alloy_smelter_furnace,crazypants.enderio.machines.machine.alloy.TileAlloySmelter$Furnace,+
enderio:tile_alloy_smelter_simple,crazypants.enderio.machines.machine.alloy.TileAlloySmelter$Simple,+
enderio:tile_attractor,crazypants.enderio.machines.machine.obelisk.attractor.TileAttractor,+
enderio:tile_aversion_obelisk,crazypants.enderio.machines.machine.obelisk.aversion.TileAversionObelisk,+
enderio:tile_buffer_abstract,crazypants.enderio.machines.machine.buffer.TileBuffer,+
enderio:tile_buffer_creative,crazypants.enderio.machines.machine.buffer.TileBuffer$TileBufferCreative,+
enderio:tile_buffer_item,crazypants.enderio.machines.machine.buffer.TileBuffer$TileBufferItem,+
enderio:tile_buffer_omni,crazypants.enderio.machines.machine.buffer.TileBuffer$TileBufferOmni,+
enderio:tile_buffer_power,crazypants.enderio.machines.machine.buffer.TileBuffer$TileBufferPower,+
enderio:tile_cap_bank,crazypants.enderio.powertools.machine.capbank.TileCapBank,+
enderio:tile_combustion_generator,crazypants.enderio.machines.machine.generator.combustion.TileCombustionGenerator,+
enderio:tile_combustion_generator_enhanced,crazypants.enderio.machines.machine.generator.combustion.TileCombustionGenerator$Enhanced,+
enderio:tile_conduit_bundle,crazypants.enderio.conduits.conduit.TileConduitBundle,+
enderio:tile_crafter,crazypants.enderio.machines.machine.crafter.TileCrafter,+
enderio:tile_creative_spawner,crazypants.enderio.machines.machine.spawner.creative.TileCreativeSpawner,+
enderio:tile_dialing_device,crazypants.enderio.machines.machine.teleport.telepad.TileDialingDevice,+
enderio:tile_electric_light,crazypants.enderio.machines.machine.light.TileElectricLight,+
enderio:tile_enchanter,crazypants.enderio.machines.machine.enchanter.TileEnchanter,+
enderio:tile_ender_generator,crazypants.enderio.machines.machine.generator.zombie.TileZombieGenerator$TileEnderGenerator,+
enderio:tile_enderman_skull,crazypants.enderio.base.block.skull.TileEndermanSkull,+
enderio:tile_entity_painted_block,crazypants.enderio.base.block.painted.TileEntityPaintedBlock,+
enderio:tile_entity_painter,crazypants.enderio.machines.machine.painter.TileEntityPainter,+
enderio:tile_entity_twice_painted_block,crazypants.enderio.base.block.painted.TileEntityTwicePaintedBlock,+
enderio:tile_experience_obelisk,crazypants.enderio.machines.machine.obelisk.xp.TileExperienceObelisk,+
enderio:tile_farm_station,crazypants.enderio.machines.machine.farm.TileFarmStation,+
enderio:tile_franken_zombie_generator,crazypants.enderio.machines.machine.generator.zombie.TileZombieGenerator$TileFrankenZombieGenerator,+
enderio:tile_gauge,crazypants.enderio.powertools.machine.gauge.TileGauge,+
enderio:tile_impulse_hopper,crazypants.enderio.machines.machine.ihopper.TileImpulseHopper,+
enderio:tile_inhibitor_obelisk,crazypants.enderio.machines.machine.obelisk.inhibitor.TileInhibitorObelisk,+
enderio:tile_killer_joe,crazypants.enderio.machines.machine.killera.TileKillerJoe,+
enderio:tile_lava_generator,crazypants.enderio.machines.machine.generator.lava.TileLavaGenerator,+
enderio:tile_light_node,crazypants.enderio.machines.machine.light.TileLightNode,+
enderio:tile_niard,crazypants.enderio.machines.machine.niard.TileNiard,+
enderio:tile_omni_reservoir,crazypants.enderio.machines.machine.reservoir.TileReservoirBase$TileOmniReservoir,+
enderio:tile_painted_pressure_plate,crazypants.enderio.base.block.painted.TilePaintedPressurePlate,+
enderio:tile_power_monitor,crazypants.enderio.powertools.machine.monitor.TilePowerMonitor,+
enderio:tile_powered_spawner,crazypants.enderio.machines.machine.spawner.TilePoweredSpawner,+
enderio:tile_relocator_obelisk,crazypants.enderio.machines.machine.obelisk.relocator.TileRelocatorObelisk,+
enderio:tile_reservoir,crazypants.enderio.machines.machine.reservoir.TileReservoirBase$TileReservoir,+
enderio:tile_sag_mill,crazypants.enderio.machines.machine.sagmill.TileSagMill$Normal,+
enderio:tile_sag_mill_enhanced,crazypants.enderio.machines.machine.sagmill.TileSagMill$Enhanced,+
enderio:tile_sag_mill_simple,crazypants.enderio.machines.machine.sagmill.TileSagMill$Simple,+
enderio:tile_simple_crafter,crazypants.enderio.machines.machine.crafter.TileCrafter$Simple,+
enderio:tile_slice_and_splice,crazypants.enderio.machines.machine.slicensplice.TileSliceAndSplice,+
enderio:tile_solar_panel,crazypants.enderio.machines.machine.solar.TileSolarPanel,+
enderio:tile_soul_binder,crazypants.enderio.machines.machine.soul.TileSoulBinder,+
enderio:tile_stirling_generator,crazypants.enderio.machines.machine.generator.stirling.TileStirlingGenerator,+
enderio:tile_stirling_generator_simple,crazypants.enderio.machines.machine.generator.stirling.TileStirlingGenerator$Simple,+
enderio:tile_tank,crazypants.enderio.machines.machine.tank.TileTank,+
enderio:tile_tele_pad,crazypants.enderio.machines.machine.teleport.telepad.TileTelePad,+
enderio:tile_transceiver,crazypants.enderio.machines.machine.transceiver.TileTransceiver,+
enderio:tile_travel_anchor,crazypants.enderio.machines.machine.teleport.anchor.TileTravelAnchor,+
enderio:tile_vacuum_chest,crazypants.enderio.machines.machine.vacuum.chest.TileVacuumChest,+
enderio:tile_vat,crazypants.enderio.machines.machine.vat.TileVat,+
enderio:tile_vat_enhanced,crazypants.enderio.machines.machine.vat.TileVat$Enhanced,+
enderio:tile_weather_obelisk,crazypants.enderio.machines.machine.obelisk.weather.TileWeatherObelisk,+
enderio:tile_wired_charger,crazypants.enderio.machines.machine.wired.TileWiredCharger,+
enderio:tile_wired_charger_enhanced,crazypants.enderio.machines.machine.wired.TileWiredCharger$Enhanced,+
enderio:tile_wired_charger_simple,crazypants.enderio.machines.machine.wired.TileWiredCharger$Simple,+
enderio:tile_wireless_charger,crazypants.enderio.machines.machine.wireless.TileWirelessCharger,+
enderio:tile_x_p_vacuum,crazypants.enderio.machines.machine.vacuum.xp.TileXPVacuum,+
enderio:tile_zombie_generator,crazypants.enderio.machines.machine.generator.zombie.TileZombieGenerator,+
engineersworkshop:blocktable,engineers.workshop.common.table.TileTable,+
industrialforegoing:animal_byproduct_recolector_tile,com.buuz135.industrial.tile.agriculture.AnimalByproductRecolectorTile,+
industrialforegoing:animal_growth_increaser_tile,com.buuz135.industrial.tile.agriculture.AnimalGrowthIncreaserTile,+
industrialforegoing:animal_independence_selector_tile,com.buuz135.industrial.tile.agriculture.AnimalIndependenceSelectorTile,+
industrialforegoing:animal_resource_harvester_tile,com.buuz135.industrial.tile.agriculture.AnimalResourceHarvesterTile,+
industrialforegoing:animal_stock_increaser_tile,com.buuz135.industrial.tile.agriculture.AnimalStockIncreaserTile,+
industrialforegoing:biofuel_generator_tile,com.buuz135.industrial.tile.generator.BiofuelGeneratorTile,+
industrialforegoing:bioreactor_tile,com.buuz135.industrial.tile.generator.BioReactorTile,+
industrialforegoing:black_hole_controller_reworked_tile,com.buuz135.industrial.tile.misc.BlackHoleControllerTileReworked,+
industrialforegoing:black_hole_controller_tile,com.buuz135.industrial.tile.misc.BlackHoleControllerTile,+
industrialforegoing:black_hole_label_tile,com.buuz135.industrial.proxy.block.tile.TileEntityLabel,-
industrialforegoing:black_hole_tank_tile,com.buuz135.industrial.tile.misc.BlackHoleTankTile,+
industrialforegoing:black_hole_unit_tile,com.buuz135.industrial.tile.misc.BlackHoleUnitTile,+
industrialforegoing:block_destroyer_tile,com.buuz135.industrial.tile.world.BlockDestroyerTile,+
industrialforegoing:block_placer_tile,com.buuz135.industrial.tile.world.BlockPlacerTile,+
industrialforegoing:crop_enrich_material_injector_tile,com.buuz135.industrial.tile.agriculture.CropEnrichMaterialInjectorTile,+
industrialforegoing:crop_recolector_tile,com.buuz135.industrial.tile.agriculture.CropRecolectorTile,+
industrialforegoing:crop_sower_tile,com.buuz135.industrial.tile.agriculture.CropSowerTile,+
industrialforegoing:dye_mixer_tile,com.buuz135.industrial.tile.misc.DyeMixerTile,+
industrialforegoing:enchantment_aplicator_tile,com.buuz135.industrial.tile.magic.EnchantmentAplicatorTile,+
industrialforegoing:enchantment_extractor_tile,com.buuz135.industrial.tile.magic.EnchantmentExtractorTile,+
industrialforegoing:enchantment_invoker_tile,com.buuz135.industrial.tile.magic.EnchantmentInvokerTile,+
industrialforegoing:enchantment_refiner_tile,com.buuz135.industrial.tile.magic.EnchantmentRefinerTile,+
industrialforegoing:energy_field_provider_tile,com.buuz135.industrial.tile.world.EnergyFieldProviderTile,+
industrialforegoing:fluid_crafter_tile,com.buuz135.industrial.tile.misc.FluidCrafterTile,+
industrialforegoing:fluid_pump_tile,com.buuz135.industrial.tile.world.FluidPumpTile,+
industrialforegoing:fluiddictionary_converter_tile,com.buuz135.industrial.tile.misc.FluidDictionaryConverterTile,+
industrialforegoing:froster_tile,com.buuz135.industrial.tile.misc.FrosterTile,+
industrialforegoing:hydrator_tile,com.buuz135.industrial.tile.agriculture.HydratorTile,+
industrialforegoing:item_splitter_tile,com.buuz135.industrial.tile.misc.ItemSplitterTile,+
industrialforegoing:laser_base_tile,com.buuz135.industrial.tile.world.LaserBaseTile,+
industrialforegoing:laser_drill_tile,com.buuz135.industrial.tile.world.LaserDrillTile,+
industrialforegoing:latex_processing_unit_tile,com.buuz135.industrial.tile.world.LatexProcessingUnitTile,+
industrialforegoing:lava_fabricator_tile,com.buuz135.industrial.tile.generator.LavaFabricatorTile,+
industrialforegoing:material_stonework_factory_tile,com.buuz135.industrial.tile.world.MaterialStoneWorkFactoryTile,+
industrialforegoing:mob_detector_tile,com.buuz135.industrial.tile.mob.MobDetectorTile,+
industrialforegoing:mob_duplicator_tile,com.buuz135.industrial.tile.mob.MobDuplicatorTile,+
industrialforegoing:mob_relocator_tile,com.buuz135.industrial.tile.mob.MobRelocatorTile,+
industrialforegoing:mob_slaughter_factory_tile,com.buuz135.industrial.tile.agriculture.MobSlaughterFactoryTile,+
industrialforegoing:ore_fermenter_tile,com.buuz135.industrial.tile.ore.OreFermenterTile,+
industrialforegoing:ore_processor_tile,com.buuz135.industrial.tile.misc.OreProcessorTile,+
industrialforegoing:ore_sieve_tile,com.buuz135.industrial.tile.ore.OreSieveTile,+
industrialforegoing:ore_washer_tile,com.buuz135.industrial.tile.ore.OreWasherTile,+
industrialforegoing:oredictionary_converter_tile,com.buuz135.industrial.tile.misc.OreDictionaryConverterTile,+
industrialforegoing:petrified_fuel_generator_tile,com.buuz135.industrial.tile.generator.PetrifiedFuelGeneratorTile,+
industrialforegoing:pitiful_fuel_generator_tile,com.buuz135.industrial.tile.generator.PitifulFuelGeneratorTile,+
industrialforegoing:plant_interactor_tile,com.buuz135.industrial.tile.agriculture.PlantInteractorTile,+
industrialforegoing:potion_enervator_tile,com.buuz135.industrial.tile.magic.PotionEnervatorTile,+
industrialforegoing:protein_generator_tile,com.buuz135.industrial.tile.generator.ProteinGeneratorTile,+
industrialforegoing:protein_reactor_tile,com.buuz135.industrial.tile.generator.ProteinReactorTile,+
industrialforegoing:resourceful_furnace_tile,com.buuz135.industrial.tile.misc.ResourcefulFurnaceTile,+
industrialforegoing:sewage_composter_solidifier_tile,com.buuz135.industrial.tile.agriculture.SewageCompostSolidifierTile,+
industrialforegoing:sludge_refiner_tile,com.buuz135.industrial.tile.agriculture.SludgeRefinerTile,+
industrialforegoing:spores_recreator_tile,com.buuz135.industrial.tile.agriculture.SporesRecreatorTile,+
industrialforegoing:tree_fluid_extractor_tile,com.buuz135.industrial.tile.world.TreeFluidExtractorTile,+
industrialforegoing:villager_trade_exchanger_tile,com.buuz135.industrial.tile.mob.VillagerTradeExchangerTile,+
industrialforegoing:water_condensator_tile,com.buuz135.industrial.tile.misc.WaterCondesatorTile,+
industrialforegoing:water_resources_collector_tile,com.buuz135.industrial.tile.agriculture.WaterResourcesCollectorTile,+
industrialforegoing:wither_builder_tile,com.buuz135.industrial.tile.mob.WitherBuilderTile,+
ironfurnaces:diamond_furnace,com.xenomustache.ironfurnaces.tileentity.TileEntityDiamondFurnace,+
ironfurnaces:glass_furnace,com.xenomustache.ironfurnaces.tileentity.TileEntityGlassFurnace,+
ironfurnaces:gold_furnace,com.xenomustache.ironfurnaces.tileentity.TileEntityGoldFurnace,+
ironfurnaces:iron_furnace,com.xenomustache.ironfurnaces.tileentity.TileEntityIronFurnace,+
ironfurnaces:obsidian_furnace,com.xenomustache.ironfurnaces.tileentity.TileEntityObsidianFurnace,+
mcjtylib_ng:multipart_te,mcjty.lib.multipart.MultipartTE,-
mcmultipart:multipart.nonticking,mcmultipart.block.TileMultipartContainer,-
mcmultipart:multipart.ticking,mcmultipart.block.TileMultipartContainer$Ticking,+
mekanism:advanced_bounding_block,mekanism.common.tile.TileEntityAdvancedBoundingBlock,-
mekanism:advanced_smelting_factory,mekanism.common.tile.TileEntityAdvancedFactory,+
mekanism:ambient_accumulator,mekanism.common.tile.TileEntityAmbientAccumulator,+
mekanism:bin,mekanism.common.tile.TileEntityBin,+
mekanism:boiler_casing,mekanism.common.tile.TileEntityBoilerCasing,+
mekanism:boiler_valve,mekanism.common.tile.TileEntityBoilerValve,+
mekanism:bounding_block,mekanism.common.tile.TileEntityBoundingBlock,-
mekanism:cardboard_box,mekanism.common.tile.TileEntityCardboardBox,-
mekanism:chargepad,mekanism.common.tile.TileEntityChargepad,+
mekanism:chemical_crystallizer,mekanism.common.tile.TileEntityChemicalCrystallizer,+
mekanism:chemical_dissolution_chamber,mekanism.common.tile.TileEntityChemicalDissolutionChamber,+
mekanism:chemical_infuser,mekanism.common.tile.TileEntityChemicalInfuser,+
mekanism:chemical_injection_chamber,mekanism.common.tile.TileEntityChemicalInjectionChamber,+
mekanism:chemical_oxidizer,mekanism.common.tile.TileEntityChemicalOxidizer,+
mekanism:chemical_washer,mekanism.common.tile.TileEntityChemicalWasher,+
mekanism:combiner,mekanism.common.tile.TileEntityCombiner,+
mekanism:crusher,mekanism.common.tile.TileEntityCrusher,+
mekanism:digital_miner,mekanism.common.tile.TileEntityDigitalMiner,+
mekanism:diversion_transporter,mekanism.common.tile.transmitter.TileEntityDiversionTransporter,+
mekanism:dynamic_tank,mekanism.common.tile.TileEntityDynamicTank,+
mekanism:dynamic_valve,mekanism.common.tile.TileEntityDynamicValve,+
mekanism:electric_pump,mekanism.common.tile.TileEntityElectricPump,+
mekanism:electrolytic_separator,mekanism.common.tile.TileEntityElectrolyticSeparator,+
mekanism:energized_smelter,mekanism.common.tile.TileEntityEnergizedSmelter,+
mekanism:energy_cube,mekanism.common.tile.TileEntityEnergyCube,+
mekanism:enrichment_chamber,mekanism.common.tile.TileEntityEnrichmentChamber,+
mekanism:fluid_tank,mekanism.common.tile.TileEntityFluidTank,+
mekanism:fluidic_plenisher,mekanism.common.tile.TileEntityFluidicPlenisher,+
mekanism:formulaic_assemblicator,mekanism.common.tile.TileEntityFormulaicAssemblicator,+
mekanism:fuelwood_heater,mekanism.common.tile.TileEntityFuelwoodHeater,+
mekanism:gas_tank,mekanism.common.tile.TileEntityGasTank,+
mekanism:glow_panel,mekanism.common.tile.TileEntityGlowPanel,-
mekanism:induction_casing,mekanism.common.tile.TileEntityInductionCasing,+
mekanism:induction_cell,mekanism.common.tile.TileEntityInductionCell,+
mekanism:induction_port,mekanism.common.tile.TileEntityInductionPort,+
mekanism:induction_provider,mekanism.common.tile.TileEntityInductionProvider,+
mekanism:laser,mekanism.common.tile.TileEntityLaser,+
mekanism:laser_amplifier,mekanism.common.tile.TileEntityLaserAmplifier,+
mekanism:laser_tractor_beam,mekanism.common.tile.TileEntityLaserTractorBeam,+
mekanism:logistical_sorter,mekanism.common.tile.TileEntityLogisticalSorter,+
mekanism:logistical_transporter,mekanism.common.tile.transmitter.TileEntityLogisticalTransporter,+
mekanism:mechanical_pipe,mekanism.common.tile.transmitter.TileEntityMechanicalPipe,+
mekanism:mekanism_teleporter,mekanism.common.tile.TileEntityTeleporter,+
mekanism:metallurgic_infuser,mekanism.common.tile.TileEntityMetallurgicInfuser,+
mekanism:oredictionificator,mekanism.common.tile.TileEntityOredictionificator,+
mekanism:osmium_compressor,mekanism.common.tile.TileEntityOsmiumCompressor,+
mekanism:personal_chest,mekanism.common.tile.TileEntityPersonalChest,+
mekanism:precision_sawmill,mekanism.common.tile.TileEntityPrecisionSawmill,+
mekanism:pressure_disperser,mekanism.common.tile.TileEntityPressureDisperser,+
mekanism:pressurized_reaction_chamber,mekanism.common.tile.TileEntityPRC,+
mekanism:pressurized_tube,mekanism.common.tile.transmitter.TileEntityPressurizedTube,+
mekanism:purification_chamber,mekanism.common.tile.TileEntityPurificationChamber,+
mekanism:quantum_entangloporter,mekanism.common.tile.TileEntityQuantumEntangloporter,+
mekanism:resistive_heater,mekanism.common.tile.TileEntityResistiveHeater,+
mekanism:restrictive_transporter,mekanism.common.tile.transmitter.TileEntityRestrictiveTransporter,+
mekanism:rotary_condensentrator,mekanism.common.tile.TileEntityRotaryCondensentrator,+
mekanism:security_desk,mekanism.common.tile.TileEntitySecurityDesk,+
mekanism:seismic_vibrator,mekanism.common.tile.TileEntitySeismicVibrator,+
mekanism:smelting_factory,mekanism.common.tile.TileEntityFactory,+
mekanism:solar_neutron_activator,mekanism.common.tile.TileEntitySolarNeutronActivator,+
mekanism:structural_glass,mekanism.common.tile.TileEntityStructuralGlass,-
mekanism:superheating_element,mekanism.common.tile.TileEntitySuperheatingElement,+
mekanism:thermal_evaporation_block,mekanism.common.tile.TileEntityThermalEvaporationBlock,+
mekanism:thermal_evaporation_controller,mekanism.common.tile.TileEntityThermalEvaporationController,+
mekanism:thermal_evaporation_valve,mekanism.common.tile.TileEntityThermalEvaporationValve,+
mekanism:thermodynamic_conductor,mekanism.common.tile.transmitter.TileEntityThermodynamicConductor,+
mekanism:ultimate_smelting_factory,mekanism.common.tile.TileEntityEliteFactory,+
mekanism:universal_cable,mekanism.common.tile.transmitter.TileEntityUniversalCable,+
mekanismgenerators:advanced_solar_generator,mekanism.generators.common.tile.TileEntityAdvancedSolarGenerator,+
mekanismgenerators:bio_generator,mekanism.generators.common.tile.TileEntityBioGenerator,+
mekanismgenerators:electromagnetic_coil,mekanism.generators.common.tile.turbine.TileEntityElectromagneticCoil,+
mekanismgenerators:gas_generator,mekanism.generators.common.tile.TileEntityGasGenerator,+
mekanismgenerators:heat_generator,mekanism.generators.common.tile.TileEntityHeatGenerator,+
mekanismgenerators:reactor_controller,mekanism.generators.common.tile.reactor.TileEntityReactorController,+
mekanismgenerators:reactor_frame,mekanism.generators.common.tile.reactor.TileEntityReactorFrame,+
mekanismgenerators:reactor_glass,mekanism.generators.common.tile.reactor.TileEntityReactorGlass,+
mekanismgenerators:reactor_laser_focus,mekanism.generators.common.tile.reactor.TileEntityReactorLaserFocusMatrix,+
mekanismgenerators:reactor_logic_adapter,mekanism.generators.common.tile.reactor.TileEntityReactorLogicAdapter,+
mekanismgenerators:reactor_port,mekanism.generators.common.tile.reactor.TileEntityReactorPort,+
mekanismgenerators:rotational_complex,mekanism.generators.common.tile.turbine.TileEntityRotationalComplex,+
mekanismgenerators:saturating_condenser,mekanism.generators.common.tile.turbine.TileEntitySaturatingCondenser,+
mekanismgenerators:solar_generator,mekanism.generators.common.tile.TileEntitySolarGenerator,+
mekanismgenerators:turbine_casing,mekanism.generators.common.tile.turbine.TileEntityTurbineCasing,+
mekanismgenerators:turbine_rod,mekanism.generators.common.tile.turbine.TileEntityTurbineRotor,+
mekanismgenerators:turbine_valve,mekanism.generators.common.tile.turbine.TileEntityTurbineValve,+
mekanismgenerators:turbine_vent,mekanism.generators.common.tile.turbine.TileEntityTurbineVent,+
mekanismgenerators:wind_turbine,mekanism.generators.common.tile.TileEntityWindGenerator,+
metallurgy:alloyer,it.hurts.metallurgy_reforged.tileentity.TileEntityAlloyer,+
metallurgy:crusher,it.hurts.metallurgy_reforged.tileentity.TileEntityCrusher,+
metallurgy:sublimation_chamber,it.hurts.metallurgy_reforged.tileentity.TileEntityChamber,+
minecraft:activator,vswe.stevescarts.blocks.tileentities.TileEntityActivator,+
minecraft:aiontile,com.bartz24.usefulnullifiers.tiles.AIONTile,-
minecraft:armorstand,jds.bibliocraft.tileentities.TileEntityArmorStand,-
minecraft:assembler,vswe.stevescarts.blocks.tileentities.TileEntityCartAssembler,+
minecraft:avaritia_extreme_crafting_table,morph.avaritia.tile.TileDireCraftingTable,-
minecraft:banner,net.minecraft.tileentity.TileEntityBanner,-
minecraft:beacon,net.minecraft.tileentity.TileEntityBeacon,+
minecraft:bed,net.minecraft.tileentity.TileEntityBed,-
minecraft:bell,jds.bibliocraft.tileentities.TileEntityBell,+
minecraft:bibliolight,jds.bibliocraft.tileentities.BiblioLightTileEntity,-
minecraft:block_signal,com.minemaarten.signals.tileentity.TileEntityBlockSignal,+
minecraft:bookcase,jds.bibliocraft.tileentities.TileEntityBookcase,-
minecraft:brewing_stand,net.minecraft.tileentity.TileEntityBrewingStand,+
minecraft:cargo,vswe.stevescarts.blocks.tileentities.TileEntityCargo,+
minecraft:cart_hopper,com.minemaarten.signals.tileentity.TileEntityCartHopper,+
minecraft:case,jds.bibliocraft.tileentities.TileEntityCase,-
minecraft:chain_signal,com.minemaarten.signals.tileentity.TileEntityChainSignal,+
minecraft:chest,net.minecraft.tileentity.TileEntityChest,+
minecraft:clipboard,jds.bibliocraft.tileentities.TileEntityClipboard,-
minecraft:clock,jds.bibliocraft.tileentities.TileEntityClock,+
minecraft:command_block,net.minecraft.tileentity.TileEntityCommandBlock,-
minecraft:comparator,net.minecraft.tileentity.TileEntityComparator,-
minecraft:conveyor_tile,com.buuz135.industrial.proxy.block.tile.TileEntityConveyor,+
minecraft:cookiejar,jds.bibliocraft.tileentities.TileEntityCookieJar,+
minecraft:daylight_detector,net.minecraft.tileentity.TileEntityDaylightDetector,+
minecraft:desk,jds.bibliocraft.tileentities.TileEntityDesk,+
minecraft:detector,vswe.stevescarts.blocks.tileentities.TileEntityDetector,+
minecraft:dinnerplate,jds.bibliocraft.tileentities.TileEntityDinnerPlate,-
minecraft:discrack,jds.bibliocraft.tileentities.TileEntityDiscRack,-
minecraft:dispenser,net.minecraft.tileentity.TileEntityDispenser,-
minecraft:distributor,vswe.stevescarts.blocks.tileentities.TileEntityDistributor,+
minecraft:dropper,net.minecraft.tileentity.TileEntityDropper,-
minecraft:enchanting_table,net.minecraft.tileentity.TileEntityEnchantmentTable,+
minecraft:end_gateway,net.minecraft.tileentity.TileEntityEndGateway,+
minecraft:end_portal,net.minecraft.tileentity.TileEntityEndPortal,-
minecraft:ender_chest,net.minecraft.tileentity.TileEntityEnderChest,+
minecraft:energyvoidnullifiertile,com.bartz24.usefulnullifiers.tiles.EnergyVoidNullifierTile,-
minecraft:fancysign,jds.bibliocraft.tileentities.TileEntityFancySign,-
minecraft:fancyworkbench,jds.bibliocraft.tileentities.TileEntityFancyWorkbench,-
minecraft:flower_pot,net.minecraft.tileentity.TileEntityFlowerPot,-
minecraft:fluidvoidnullifiertile,com.bartz24.usefulnullifiers.tiles.FluidVoidNullifierTile,-
minecraft:fluxcontroller,fluxnetworks.common.tileentity.TileFluxController,+
minecraft:fluxplug,fluxnetworks.common.tileentity.TileFluxPlug,+
minecraft:fluxpoint,fluxnetworks.common.tileentity.TileFluxPoint,+
minecraft:fluxstorage,fluxnetworks.common.tileentity.TileFluxStorage,+
minecraft:framedchest,jds.bibliocraft.tileentities.TileEntityFramedChest,+
minecraft:furnace,net.minecraft.tileentity.TileEntityFurnace,+
minecraft:furniturepaneler,jds.bibliocraft.tileentities.TileEntityFurniturePaneler,-
minecraft:gargantuanfluxstorage,fluxnetworks.common.tileentity.TileFluxStorage$Gargantuan,+
minecraft:herculeanfluxstorage,fluxnetworks.common.tileentity.TileFluxStorage$Herculean,+
minecraft:hopper,pl.asie.foamfix.common.TileEntityFasterHopper,+
minecraft:ironchest.copper,cpw.mods.ironchest.common.tileentity.chest.TileEntityCopperChest,+
minecraft:ironchest.crystal,cpw.mods.ironchest.common.tileentity.chest.TileEntityCrystalChest,+
minecraft:ironchest.diamond,cpw.mods.ironchest.common.tileentity.chest.TileEntityDiamondChest,+
minecraft:ironchest.dirtchest9000,cpw.mods.ironchest.common.tileentity.chest.TileEntityDirtChest,+
minecraft:ironchest.gold,cpw.mods.ironchest.common.tileentity.chest.TileEntityGoldChest,+
minecraft:ironchest.iron,cpw.mods.ironchest.common.tileentity.chest.TileEntityIronChest,+
minecraft:ironchest.obsidian,cpw.mods.ironchest.common.tileentity.chest.TileEntityObsidianChest,+
minecraft:ironchest.silver,cpw.mods.ironchest.common.tileentity.chest.TileEntitySilverChest,+
minecraft:ironshulkerbox.copper,cpw.mods.ironchest.common.tileentity.shulker.TileEntityCopperShulkerBox,+
minecraft:ironshulkerbox.crystal,cpw.mods.ironchest.common.tileentity.shulker.TileEntityCrystalShulkerBox,+
minecraft:ironshulkerbox.diamond,cpw.mods.ironchest.common.tileentity.shulker.TileEntityDiamondShulkerBox,+
minecraft:ironshulkerbox.gold,cpw.mods.ironchest.common.tileentity.shulker.TileEntityGoldShulkerBox,+
minecraft:ironshulkerbox.iron,cpw.mods.ironchest.common.tileentity.shulker.TileEntityIronShulkerBox,+
minecraft:ironshulkerbox.obsidian,cpw.mods.ironchest.common.tileentity.shulker.TileEntityObsidianShulkerBox,+
minecraft:ironshulkerbox.silver,cpw.mods.ironchest.common.tileentity.shulker.TileEntitySilverShulkerBox,+
minecraft:jukebox,net.minecraft.block.BlockJukebox$TileEntityJukebox,-
minecraft:label,jds.bibliocraft.tileentities.TileEntityLabel,-
minecraft:lighttileentity,romelo333.notenoughwands.blocks.LightTE,-
minecraft:liquid,vswe.stevescarts.blocks.tileentities.TileEntityLiquid,+
minecraft:mapframe,jds.bibliocraft.tileentities.TileEntityMapFrame,+
minecraft:markerpole,jds.bibliocraft.tileentities.TileEntityMarkerPole,-
minecraft:mob_spawner,net.minecraft.tileentity.TileEntityMobSpawner,+
minecraft:mod.chiselsandbits.tileentitybittank,mod.chiselsandbits.bittank.TileEntityBitTank,-
minecraft:mod.chiselsandbits.tileentitychiseled,mod.chiselsandbits.chiseledblock.TileEntityBlockChiseled,-
minecraft:mod.chiselsandbits.tileentitychiseled.tesr,mod.chiselsandbits.chiseledblock.TileEntityBlockChiseledTESR,-
minecraft:neutron_collector,morph.avaritia.tile.TileNeutronCollector,+
minecraft:neutronium_compressor,morph.avaritia.tile.TileNeutroniumCompressor,+
minecraft:noteblock,net.minecraft.tileentity.TileEntityNote,-
minecraft:paintingframeborderless,jds.bibliocraft.tileentities.TileEntityPaintingBorderless,-
minecraft:paintingframefancy,jds.bibliocraft.tileentities.TileEntityPaintingFancy,-
minecraft:paintingframeflat,jds.bibliocraft.tileentities.TileEntityPaintingFlat,-
minecraft:paintingframemiddle,jds.bibliocraft.tileentities.TileEntityPaintingMiddle,-
minecraft:paintingframesimple,jds.bibliocraft.tileentities.TileEntityPaintingSimple,-
minecraft:paintingpress,jds.bibliocraft.tileentities.TileEntityPaintPress,+
minecraft:path_signal,com.minemaarten.signals.tileentity.TileEntityPathSignal,+
minecraft:piston,net.minecraft.tileentity.TileEntityPiston,+
minecraft:potionshelf,jds.bibliocraft.tileentities.TileEntityPotionShelf,-
minecraft:printingpress,jds.bibliocraft.tileentities.TileEntityPrintPress,+
minecraft:rail_link,com.minemaarten.signals.tileentity.TileEntityRailLink,-
minecraft:reborn storagetileioport,me.modmuss50.rebornstorage.tiles.TileIoPort,+
minecraft:reborn storagetilemulticrafter,me.modmuss50.rebornstorage.tiles.TileMultiCrafter,+
minecraft:season_sensor,sereneseasons.tileentity.TileEntitySeasonSensor,+
minecraft:seat,jds.bibliocraft.tileentities.TileEntitySeat,+
minecraft:shelf,jds.bibliocraft.tileentities.TileEntityShelf,-
minecraft:shulker_box,net.minecraft.tileentity.TileEntityShulkerBox,+
minecraft:sign,net.minecraft.tileentity.TileEntitySign,-
minecraft:skull,net.minecraft.tileentity.TileEntitySkull,+
minecraft:station_marker,com.minemaarten.signals.tileentity.TileEntityStationMarker,+
minecraft:structure_block,net.minecraft.tileentity.TileEntityStructure,-
minecraft:swordpedestal,jds.bibliocraft.tileentities.TileEntitySwordPedestal,-
minecraft:table,jds.bibliocraft.tileentities.TileEntityTable,+
minecraft:tconstruct.casting_basin,slimeknights.tconstruct.smeltery.tileentity.TileCastingBasin,+
minecraft:tconstruct.casting_table,slimeknights.tconstruct.smeltery.tileentity.TileCastingTable,+
minecraft:tconstruct.channel,slimeknights.tconstruct.smeltery.tileentity.TileChannel,+
minecraft:tconstruct.craftingstation,slimeknights.tconstruct.tools.common.tileentity.TileCraftingStation,-
minecraft:tconstruct.drying_rack,slimeknights.tconstruct.gadgets.tileentity.TileDryingRack,+
minecraft:tconstruct.faucet,slimeknights.tconstruct.smeltery.tileentity.TileFaucet,+
minecraft:tconstruct.item_rack,slimeknights.tconstruct.gadgets.tileentity.TileItemRack,-
minecraft:tconstruct.partbuilder,slimeknights.tconstruct.tools.common.tileentity.TilePartBuilder,-
minecraft:tconstruct.partchest,slimeknights.tconstruct.tools.common.tileentity.TilePartChest,-
minecraft:tconstruct.patternchest,slimeknights.tconstruct.tools.common.tileentity.TilePatternChest,-
minecraft:tconstruct.seared_furnace,slimeknights.tconstruct.smeltery.tileentity.TileSearedFurnace,+
minecraft:tconstruct.slime_channel,slimeknights.tconstruct.gadgets.tileentity.TileSlimeChannel,-
minecraft:tconstruct.smeltery_component,slimeknights.tconstruct.smeltery.tileentity.TileSmelteryComponent,-
minecraft:tconstruct.smeltery_controller,slimeknights.tconstruct.smeltery.tileentity.TileSmeltery,+
minecraft:tconstruct.smeltery_drain,slimeknights.tconstruct.smeltery.tileentity.TileDrain,-
minecraft:tconstruct.stenciltable,slimeknights.tconstruct.tools.common.tileentity.TileStencilTable,-
minecraft:tconstruct.table,slimeknights.tconstruct.shared.tileentity.TileTable,-
minecraft:tconstruct.tank,slimeknights.tconstruct.smeltery.tileentity.TileTank,-
minecraft:tconstruct.tinker_tank,slimeknights.tconstruct.smeltery.tileentity.TileTinkerTank,+
minecraft:tconstruct.toolforge,slimeknights.tconstruct.tools.common.tileentity.TileToolForge,-
minecraft:tconstruct.toolstation,slimeknights.tconstruct.tools.common.tileentity.TileToolStation,-
minecraft:tconstruct.wooden_hopper,slimeknights.tconstruct.gadgets.tileentity.TileWoodenHopper,+
minecraft:tilebonsaipot,org.dave.bonsaitrees.tile.TileBonsaiPot,+
minecraft:tileentitygavestone,de.maxhenkel.gravestone.tileentity.TileEntityGraveStone,-
minecraft:toolrack,jds.bibliocraft.tileentities.TileEntityToolRack,-
minecraft:transport_rail,com.minemaarten.signals.tileentity.TileEntityTransportRail,-
minecraft:typesettingtable,jds.bibliocraft.tileentities.TileEntityTypeMachine,+
minecraft:typewriter,jds.bibliocraft.tileentities.TileEntityTypewriter,+
minecraft:upgrade,vswe.stevescarts.blocks.tileentities.TileEntityUpgrade,+
minecraft:voidnullifiertile,com.bartz24.usefulnullifiers.tiles.VoidNullifierTile,-
nuclearcraft:accelerator_electromagnet,nc.tile.passive.TilePassive$AcceleratorElectromagnet,+
nuclearcraft:active_cooler,nc.tile.fluid.TileActiveCooler,+
nuclearcraft:alloy_furnace,nc.tile.processor.TileProcessor$AlloyFurnace,+
nuclearcraft:bin,nc.tile.TileBin,+
nuclearcraft:buffer,nc.tile.energyFluid.TileBuffer,+
nuclearcraft:centrifuge,nc.tile.processor.TileProcessor$Centrifuge,+
nuclearcraft:chemical_reactor,nc.tile.processor.TileProcessor$ChemicalReactor,+
nuclearcraft:cobblestone_generator,nc.tile.passive.TilePassive$CobblestoneGenerator,+
nuclearcraft:cobblestone_generator_compact,nc.tile.passive.TilePassive$CobblestoneGeneratorCompact,+
nuclearcraft:cobblestone_generator_dense,nc.tile.passive.TilePassive$CobblestoneGeneratorDense,+
nuclearcraft:crystallizer,nc.tile.processor.TileProcessor$Crystallizer,+
nuclearcraft:decay_generator,nc.tile.generator.TileDecayGenerator,+
nuclearcraft:decay_hastener,nc.tile.processor.TileProcessor$DecayHastener,+
nuclearcraft:dissolver,nc.tile.processor.TileProcessor$Dissolver,+
nuclearcraft:electrolyser,nc.tile.processor.TileProcessor$Electrolyser,+
nuclearcraft:electromagnet_supercooler,nc.tile.passive.TilePassive$ElectromagnetSupercooler,+
nuclearcraft:extractor,nc.tile.processor.TileProcessor$Extractor,+
nuclearcraft:fission_controller_new,nc.tile.generator.TileFissionController$New,+
nuclearcraft:fission_controller_old,nc.tile.generator.TileFissionController$Old,+
nuclearcraft:fission_port,nc.tile.dummy.TileFissionPort,+
nuclearcraft:fuel_reprocessor,nc.tile.processor.TileProcessor$FuelReprocessor,+
nuclearcraft:fusion_core,nc.tile.generator.TileFusionCore,+
nuclearcraft:fusion_dummy_side,nc.tile.dummy.TileFusionDummy$Side,+
nuclearcraft:fusion_dummy_top,nc.tile.dummy.TileFusionDummy$Top,+
nuclearcraft:fusion_electromagnet,nc.tile.passive.TilePassive$FusionElectromagnet,+
nuclearcraft:geiger_block,nc.tile.radiation.TileGeigerCounter,+
nuclearcraft:heat_exchanger_computer_port,nc.multiblock.heatExchanger.tile.TileHeatExchangerComputerPort,+
nuclearcraft:heat_exchanger_condenser_tube_copper,nc.multiblock.heatExchanger.tile.TileHeatExchangerCondenserTube$Copper,+
nuclearcraft:heat_exchanger_condenser_tube_hard_carbon,nc.multiblock.heatExchanger.tile.TileHeatExchangerCondenserTube$HardCarbon,+
nuclearcraft:heat_exchanger_condenser_tube_thermoconducting,nc.multiblock.heatExchanger.tile.TileHeatExchangerCondenserTube$Thermoconducting,+
nuclearcraft:heat_exchanger_controller,nc.multiblock.heatExchanger.tile.TileHeatExchangerController,+
nuclearcraft:heat_exchanger_frame,nc.multiblock.heatExchanger.tile.TileHeatExchangerFrame,+
nuclearcraft:heat_exchanger_glass,nc.multiblock.heatExchanger.tile.TileHeatExchangerGlass,+
nuclearcraft:heat_exchanger_tube_copper,nc.multiblock.heatExchanger.tile.TileHeatExchangerTube$Copper,+
nuclearcraft:heat_exchanger_tube_hard_carbon,nc.multiblock.heatExchanger.tile.TileHeatExchangerTube$HardCarbon,+
nuclearcraft:heat_exchanger_tube_thermoconducting,nc.multiblock.heatExchanger.tile.TileHeatExchangerTube$Thermoconducting,+
nuclearcraft:heat_exchanger_vent,nc.multiblock.heatExchanger.tile.TileHeatExchangerVent,+
nuclearcraft:heat_exchanger_wall,nc.multiblock.heatExchanger.tile.TileHeatExchangerWall,+
nuclearcraft:helium_collector,nc.tile.passive.TilePassive$HeliumCollector,+
nuclearcraft:helium_collector_compact,nc.tile.passive.TilePassive$HeliumCollectorCompact,+
nuclearcraft:helium_collector_dense,nc.tile.passive.TilePassive$HeliumCollectorDense,+
nuclearcraft:infuser,nc.tile.processor.TileProcessor$Infuser,+
nuclearcraft:ingot_former,nc.tile.processor.TileProcessor$IngotFormer,+
nuclearcraft:irradiator,nc.tile.processor.TileProcessor$Irradiator,+
nuclearcraft:isotope_separator,nc.tile.processor.TileProcessor$IsotopeSeparator,+
nuclearcraft:lithium_ion_battery_advanced,nc.tile.energy.battery.TileBattery$LithiumIonBatteryAdvanced,+
nuclearcraft:lithium_ion_battery_basic,nc.tile.energy.battery.TileBattery$LithiumIonBatteryBasic,+
nuclearcraft:lithium_ion_battery_du,nc.tile.energy.battery.TileBattery$LithiumIonBatteryDU,+
nuclearcraft:lithium_ion_battery_elite,nc.tile.energy.battery.TileBattery$LithiumIonBatteryElite,+
nuclearcraft:machine_interface,nc.tile.dummy.TileMachineInterface,+
nuclearcraft:manufactory,nc.tile.processor.TileProcessor$Manufactory,+
nuclearcraft:melter,nc.tile.processor.TileProcessor$Melter,+
nuclearcraft:nitrogen_collector,nc.tile.passive.TilePassive$NitrogenCollector,+
nuclearcraft:nitrogen_collector_compact,nc.tile.passive.TilePassive$NitrogenCollectorCompact,+
nuclearcraft:nitrogen_collector_dense,nc.tile.passive.TilePassive$NitrogenCollectorDense,+
nuclearcraft:nuclear_furnace,nc.tile.processor.TileNuclearFurnace,+
nuclearcraft:pressurizer,nc.tile.processor.TileProcessor$Pressurizer,+
nuclearcraft:radiation_scrubber,nc.tile.radiation.TileRadiationScrubber,+
nuclearcraft:rock_crusher,nc.tile.processor.TileProcessor$RockCrusher,+
nuclearcraft:rtg_americium,nc.tile.generator.TileRTG$Americium,+
nuclearcraft:rtg_californium,nc.tile.generator.TileRTG$Californium,+
nuclearcraft:rtg_plutonium,nc.tile.generator.TileRTG$Plutonium,+
nuclearcraft:rtg_uranium,nc.tile.generator.TileRTG$Uranium,+
nuclearcraft:salt_fission_beam,nc.multiblock.saltFission.tile.TileSaltFissionBeam,+
nuclearcraft:salt_fission_computer_port,nc.multiblock.saltFission.tile.TileSaltFissionComputerPort,+
nuclearcraft:salt_fission_controller,nc.multiblock.saltFission.tile.TileSaltFissionController,+
nuclearcraft:salt_fission_distributor,nc.multiblock.saltFission.tile.TileSaltFissionDistributor,+
nuclearcraft:salt_fission_frame,nc.multiblock.saltFission.tile.TileSaltFissionFrame,+
nuclearcraft:salt_fission_glass,nc.multiblock.saltFission.tile.TileSaltFissionGlass,+
nuclearcraft:salt_fission_heater,nc.multiblock.saltFission.tile.TileSaltFissionHeater,+
nuclearcraft:salt_fission_moderator,nc.multiblock.saltFission.tile.TileSaltFissionModerator,+
nuclearcraft:salt_fission_redstone_port,nc.multiblock.saltFission.tile.TileSaltFissionRedstonePort,+
nuclearcraft:salt_fission_retriever,nc.multiblock.saltFission.tile.TileSaltFissionRetriever,+
nuclearcraft:salt_fission_vent,nc.multiblock.saltFission.tile.TileSaltFissionVent,+
nuclearcraft:salt_fission_vessel,nc.multiblock.saltFission.tile.TileSaltFissionVessel,+
nuclearcraft:salt_fission_wall,nc.multiblock.saltFission.tile.TileSaltFissionWall,+
nuclearcraft:salt_mixer,nc.tile.processor.TileProcessor$SaltMixer,+
nuclearcraft:solar_panel_advanced,nc.tile.generator.TileSolarPanel$Advanced,+
nuclearcraft:solar_panel_basic,nc.tile.generator.TileSolarPanel$Basic,+
nuclearcraft:solar_panel_du,nc.tile.generator.TileSolarPanel$DU,+
nuclearcraft:solar_panel_elite,nc.tile.generator.TileSolarPanel$Elite,+
nuclearcraft:supercooler,nc.tile.processor.TileProcessor$Supercooler,+
nuclearcraft:turbine_computer_port,nc.multiblock.turbine.tile.TileTurbineComputerPort,+
nuclearcraft:turbine_controller,nc.multiblock.turbine.tile.TileTurbineController,+
nuclearcraft:turbine_dynamo_coil_aluminum,nc.multiblock.turbine.tile.TileTurbineDynamoCoil$Aluminum,+
nuclearcraft:turbine_dynamo_coil_beryllium,nc.multiblock.turbine.tile.TileTurbineDynamoCoil$Beryllium,+
nuclearcraft:turbine_dynamo_coil_copper,nc.multiblock.turbine.tile.TileTurbineDynamoCoil$Copper,+
nuclearcraft:turbine_dynamo_coil_gold,nc.multiblock.turbine.tile.TileTurbineDynamoCoil$Gold,+
nuclearcraft:turbine_dynamo_coil_magnesium,nc.multiblock.turbine.tile.TileTurbineDynamoCoil$Magnesium,+
nuclearcraft:turbine_dynamo_coil_silver,nc.multiblock.turbine.tile.TileTurbineDynamoCoil$Silver,+
nuclearcraft:turbine_frame,nc.multiblock.turbine.tile.TileTurbineFrame,+
nuclearcraft:turbine_glass,nc.multiblock.turbine.tile.TileTurbineGlass,+
nuclearcraft:turbine_inlet,nc.multiblock.turbine.tile.TileTurbineInlet,+
nuclearcraft:turbine_outlet,nc.multiblock.turbine.tile.TileTurbineOutlet,+
nuclearcraft:turbine_rotor_bearing,nc.multiblock.turbine.tile.TileTurbineRotorBearing,+
nuclearcraft:turbine_rotor_blade_extreme,nc.multiblock.turbine.tile.TileTurbineRotorBlade$Extreme,+
nuclearcraft:turbine_rotor_blade_sic_sic_cmc,nc.multiblock.turbine.tile.TileTurbineRotorBlade$SicSicCMC,+
nuclearcraft:turbine_rotor_blade_steel,nc.multiblock.turbine.tile.TileTurbineRotorBlade$Steel,+
nuclearcraft:turbine_rotor_shaft,nc.multiblock.turbine.tile.TileTurbineRotorShaft,+
nuclearcraft:turbine_rotor_stator,nc.multiblock.turbine.tile.TileTurbineRotorStator,+
nuclearcraft:turbine_wall,nc.multiblock.turbine.tile.TileTurbineWall,+
nuclearcraft:voltaic_pile_advanced,nc.tile.energy.battery.TileBattery$VoltaicPileAdvanced,+
nuclearcraft:voltaic_pile_basic,nc.tile.energy.battery.TileBattery$VoltaicPileBasic,+
nuclearcraft:voltaic_pile_du,nc.tile.energy.battery.TileBattery$VoltaicPileDU,+
nuclearcraft:voltaic_pile_elite,nc.tile.energy.battery.TileBattery$VoltaicPileElite,+
nuclearcraft:water_source,nc.tile.passive.TilePassive$WaterSource,+
nuclearcraft:water_source_compact,nc.tile.passive.TilePassive$WaterSourceCompact,+
nuclearcraft:water_source_dense,nc.tile.passive.TilePassive$WaterSourceDense,+
oc:adapter,li.cil.oc.common.tileentity.Adapter,+
oc:assembler,li.cil.oc.common.tileentity.Assembler,+
oc:cable,li.cil.oc.common.tileentity.Cable,-
oc:capacitor,li.cil.oc.common.tileentity.Capacitor,-
oc:carpetedcapacitor,li.cil.oc.common.tileentity.CarpetedCapacitor,+
oc:case,li.cil.oc.common.tileentity.Case,+
oc:charger,li.cil.oc.common.tileentity.Charger,+
oc:disassembler,li.cil.oc.common.tileentity.Disassembler,+
oc:diskdrive,li.cil.oc.common.tileentity.DiskDrive,-
oc:geolyzer,li.cil.oc.common.tileentity.Geolyzer,-
oc:hologram,li.cil.oc.common.tileentity.Hologram,+
oc:keyboard,li.cil.oc.common.tileentity.Keyboard,-
oc:microcontroller,li.cil.oc.common.tileentity.Microcontroller,+
oc:motionsensor,li.cil.oc.common.tileentity.MotionSensor,+
oc:netsplitter,li.cil.oc.common.tileentity.NetSplitter,-
oc:powerconverter,li.cil.oc.common.tileentity.PowerConverter,+
oc:powerdistributor,li.cil.oc.common.tileentity.PowerDistributor,+
oc:print,li.cil.oc.common.tileentity.Print,-
oc:printer,li.cil.oc.common.tileentity.Printer,+
oc:rack,li.cil.oc.common.tileentity.Rack,+
oc:raid,li.cil.oc.common.tileentity.Raid,-
oc:redstone,li.cil.oc.common.tileentity.Redstone,+
oc:relay,li.cil.oc.common.tileentity.Relay,+
oc:robot,li.cil.oc.common.tileentity.RobotProxy,+
oc:screen,li.cil.oc.common.tileentity.Screen,+
oc:transposer,li.cil.oc.common.tileentity.Transposer,-
oc:waypoint,li.cil.oc.common.tileentity.Waypoint,+
openblocks:auto_anvil,openblocks.common.tileentity.TileEntityAutoAnvil,+
openblocks:auto_enchantment_table,openblocks.common.tileentity.TileEntityAutoEnchantmentTable,+
openblocks:beartrap,openblocks.common.tileentity.TileEntityBearTrap,+
openblocks:big_button,openblocks.common.tileentity.TileEntityBigButton,-
openblocks:big_button_wood,openblocks.common.tileentity.TileEntityBigButtonWood,-
openblocks:block_breaker,openblocks.common.tileentity.TileEntityBlockBreaker,+
openblocks:block_placer,openblocks.common.tileentity.TileEntityBlockPlacer,+
openblocks:builder_guide,openblocks.common.tileentity.TileEntityBuilderGuide,+
openblocks:cannon,openblocks.common.tileentity.TileEntityCannon,+
openblocks:canvas,openblocks.common.tileentity.TileEntityCanvas,-
openblocks:canvas_glass,openblocks.common.tileentity.TileEntityCanvasGlass,-
openblocks:donation_station,openblocks.common.tileentity.TileEntityDonationStation,-
openblocks:drawing_table,openblocks.common.tileentity.TileEntityDrawingTable,-
openblocks:elevator_rotating,openblocks.common.tileentity.TileEntityElevatorRotating,-
openblocks:fan,openblocks.common.tileentity.TileEntityFan,+
openblocks:flag,openblocks.common.tileentity.TileEntityFlag,-
openblocks:golden_egg,openblocks.common.tileentity.TileEntityGoldenEgg,+
openblocks:guide,openblocks.common.tileentity.TileEntityGuide,+
openblocks:heal,openblocks.common.tileentity.TileEntityHealBlock,+
openblocks:imaginary,openblocks.common.tileentity.TileEntityImaginary,-
openblocks:item_dropper,openblocks.common.tileentity.TileEntityItemDropper,-
openblocks:paint_can,openblocks.common.tileentity.TileEntityPaintCan,-
openblocks:paint_mixer,openblocks.common.tileentity.TileEntityPaintMixer,+
openblocks:projector,openblocks.common.tileentity.TileEntityProjector,-
openblocks:sky,openblocks.common.tileentity.TileEntitySky,-
openblocks:sprinkler,openblocks.common.tileentity.TileEntitySprinkler,+
openblocks:tank,openblocks.common.tileentity.TileEntityTank,+
openblocks:target,openblocks.common.tileentity.TileEntityTarget,+
openblocks:vacuum_hopper,openblocks.common.tileentity.TileEntityVacuumHopper,+
openblocks:village_highlighter,openblocks.common.tileentity.TileEntityVillageHighlighter,+
openblocks:xp_bottler,openblocks.common.tileentity.TileEntityXPBottler,+
openblocks:xp_drain,openblocks.common.tileentity.TileEntityXPDrain,+
openblocks:xp_shower,openblocks.common.tileentity.TileEntityXPShower,+
plustic:centrifuge_core,landmaster.plustic.tile.TECentrifugeCore,+
plustic:centrifuge_tank,landmaster.plustic.tile.TECentrifugeTank,-
projectred-expansion:machine1|0,mrtjp.projectred.expansion.TileInductiveFurnace,+
projectred-expansion:machine1|1,mrtjp.projectred.expansion.TileElectrotineGenerator,+
projectred-expansion:machine2|0,mrtjp.projectred.expansion.TileBlockBreaker,+
projectred-expansion:machine2|1,mrtjp.projectred.expansion.TileItemImporter,+
projectred-expansion:machine2|10,mrtjp.projectred.expansion.TileProjectBench,+
projectred-expansion:machine2|11,mrtjp.projectred.expansion.TileAutoCrafter,+
projectred-expansion:machine2|12,mrtjp.projectred.expansion.TileDiamondBlockBreaker,+
projectred-expansion:machine2|2,mrtjp.projectred.expansion.TileBlockPlacer,+
projectred-expansion:machine2|3,mrtjp.projectred.expansion.TileFilteredImporter,+
projectred-expansion:machine2|4,mrtjp.projectred.expansion.TileFireStarter,+
projectred-expansion:machine2|5,mrtjp.projectred.expansion.TileBatteryBox,+
projectred-expansion:machine2|6,mrtjp.projectred.expansion.TileChargingBench,+
projectred-expansion:machine2|7,mrtjp.projectred.expansion.TileTeleposer,+
projectred-expansion:machine2|8,mrtjp.projectred.expansion.TileFrameMotor,+
projectred-expansion:machine2|9,mrtjp.projectred.expansion.TileFrameActuator,+
projectred-fabrication:ic_machine|0,mrtjp.projectred.fabrication.TileICWorkbench,+
projectred-fabrication:ic_machine|1,mrtjp.projectred.fabrication.TileICPrinter,+
projectred-illumination:lamp|0,mrtjp.projectred.illumination.TileLamp,+
projectred-relocation:blockmovingrow|0,mrtjp.projectred.relocation.TileMovingRow,+
props:com.mia.props.common.entities.tilebaseswitchable,com.mia.props.common.entities.TileBaseSwitchable,+
props:com.mia.props.common.entities.tilebed,com.mia.props.common.entities.TileBed,-
props:com.mia.props.common.entities.tilechair,com.mia.props.common.entities.TileChair,-
props:com.mia.props.common.entities.tilecontainer,com.mia.props.common.entities.TileContainer,-
props:com.mia.props.common.entities.tiledecobench,com.mia.props.common.entities.TileDecobench,-
props:com.mia.props.common.entities.tiledoor,com.mia.props.common.entities.TileDoor,-
props:com.mia.props.common.entities.tilefaucet,com.mia.props.common.entities.TileFaucet,+
props:com.mia.props.common.entities.tilelinkedmodel,com.mia.props.common.entities.TileLinkedModel,-
props:com.mia.props.common.entities.tilemountable,com.mia.props.common.entities.TileMountable,-
props:com.mia.props.common.entities.tileparticleemitter,com.mia.props.common.entities.TileParticleEmitter,+
props:com.mia.props.common.entities.tileparticleemitterswitchable,com.mia.props.common.entities.TileParticleEmitterSwitchable,+
props:com.mia.props.common.entities.tilerecordplayer,com.mia.props.common.entities.TileRecordPlayer,-
props:com.mia.props.common.entities.tileshowerhandles,com.mia.props.common.entities.TileShowerHandles,-
props:com.mia.props.common.entities.tileshowerhead,com.mia.props.common.entities.TileShowerHead,+
props:com.mia.props.common.entities.tileswitchablelamp,com.mia.props.common.entities.TileSwitchableLamp,+
props:com.mia.props.common.entities.tiletimedmodel,com.mia.props.common.entities.TileTimedModel,+
props:com.mia.props.common.entities.tilevariablerendering,com.mia.props.common.entities.TileVariableRendering,-
props:com.mia.props.common.tilefake,com.mia.props.common.TileFake,-
props:com.mia.props.common.tileprops,com.mia.props.common.TileProps,-
quark:chute,vazkii.quark.automation.tile.TileChute,-
quark:ender_watcher,vazkii.quark.automation.tile.TileEnderWatcher,+
quark:inductor,vazkii.quark.automation.tile.TileInductor,-
quark:monster_box,vazkii.quark.world.tile.TileMonsterBox,+
quark:quark_chest,vazkii.quark.decoration.tile.TileCustomChest,+
quark:rain_detector,vazkii.quark.automation.tile.TileRainDetector,+
quark:smoker,vazkii.quark.world.tile.TileSmoker,+
railcraft:actuator_lever,mods.railcraft.common.blocks.machine.wayobjects.actuators.TileActuatorLever,+
railcraft:actuator_motor,mods.railcraft.common.blocks.machine.wayobjects.actuators.TileActuatorMotor,+
railcraft:actuator_router,mods.railcraft.common.blocks.machine.wayobjects.actuators.TileActuatorRouting,+
railcraft:admin_steam_producer,mods.railcraft.common.blocks.single.TileAdminSteamProducer,+
railcraft:blast_furnace,mods.railcraft.common.blocks.multi.TileBlastFurnace,+
railcraft:boiler_firebox_fluid,mods.railcraft.common.blocks.multi.TileBoilerFireboxFluid,+
railcraft:boiler_firebox_solid,mods.railcraft.common.blocks.multi.TileBoilerFireboxSolid,+
railcraft:boiler_tank_pressure_high,mods.railcraft.common.blocks.multi.TileBoilerTankHigh,+
railcraft:boiler_tank_pressure_low,mods.railcraft.common.blocks.multi.TileBoilerTankLow,+
railcraft:charge_feeder_admin,mods.railcraft.common.blocks.machine.charge.TileChargeFeederAdmin,+
railcraft:charge_feeder_ic2,mods.railcraft.common.blocks.machine.charge.TileChargeFeederIC2,+
railcraft:chest_metals,mods.railcraft.common.blocks.single.TileChestMetals,+
railcraft:chest_void,mods.railcraft.common.blocks.single.TileChestVoid,+
railcraft:coke_oven,mods.railcraft.common.blocks.multi.TileCokeOven,+
railcraft:detector,mods.railcraft.common.blocks.detector.TileDetector,+
railcraft:engine_steam_commercial,mods.railcraft.common.blocks.single.TileEngineSteamLow,+
railcraft:engine_steam_hobby,mods.railcraft.common.blocks.single.TileEngineSteamHobby,+
railcraft:engine_steam_industrial,mods.railcraft.common.blocks.single.TileEngineSteamHigh,+
railcraft:engraving_bench,mods.railcraft.common.blocks.single.TileEngravingBench,+
railcraft:equipment_feed_station,mods.railcraft.common.blocks.machine.equipment.TileFeedStation,+
railcraft:equipment_rolling_manual,mods.railcraft.common.blocks.machine.equipment.TileRollingMachineManual,+
railcraft:equipment_rolling_powered,mods.railcraft.common.blocks.machine.equipment.TileRollingMachinePowered,+
railcraft:equipment_smoker,mods.railcraft.common.blocks.machine.equipment.TileSmoker,+
railcraft:flux_transformer,mods.railcraft.common.blocks.multi.TileFluxTransformer,+
railcraft:force_track_emitter,mods.railcraft.common.blocks.single.TileForceTrackEmitter,+
railcraft:logbook,mods.railcraft.common.blocks.logbook.TileLogbook,+
railcraft:manipulator_dispenser_cart,mods.railcraft.common.blocks.machine.manipulator.TileDispenserCart,+
railcraft:manipulator_dispenser_train,mods.railcraft.common.blocks.machine.manipulator.TileDispenserTrain,+
railcraft:manipulator_fluid_loader,mods.railcraft.common.blocks.machine.manipulator.TileFluidLoader,+
railcraft:manipulator_fluid_unloader,mods.railcraft.common.blocks.machine.manipulator.TileFluidUnloader,+
railcraft:manipulator_ic2_loader,mods.railcraft.common.blocks.machine.manipulator.TileIC2Loader,+
railcraft:manipulator_ic2_unloader,mods.railcraft.common.blocks.machine.manipulator.TileIC2Unloader,+
railcraft:manipulator_item_loader,mods.railcraft.common.blocks.machine.manipulator.TileItemLoader,+
railcraft:manipulator_item_loader_adv,mods.railcraft.common.blocks.machine.manipulator.TileItemLoaderAdvanced,+
railcraft:manipulator_item_unloader,mods.railcraft.common.blocks.machine.manipulator.TileItemUnloader,+
railcraft:manipulator_item_unloader_adv,mods.railcraft.common.blocks.machine.manipulator.TileItemUnloaderAdvanced,+
railcraft:manipulator_rf_loader,mods.railcraft.common.blocks.machine.manipulator.TileRFLoader,+
railcraft:manipulator_rf_unloader,mods.railcraft.common.blocks.machine.manipulator.TileRFUnloader,+
railcraft:ritual,mods.railcraft.common.items.firestone.TileRitual,+
railcraft:rock_crusher,mods.railcraft.common.blocks.multi.TileRockCrusher,+
railcraft:signal_block,mods.railcraft.common.blocks.machine.wayobjects.signals.TileSignalDistant,+
railcraft:signal_block_dual,mods.railcraft.common.blocks.machine.wayobjects.signals.TileSignalBlockDual,+
railcraft:signal_box_analog,mods.railcraft.common.blocks.machine.wayobjects.boxes.TileBoxAnalog,+
railcraft:signal_box_capacitor,mods.railcraft.common.blocks.machine.wayobjects.boxes.TileBoxCapacitor,+
railcraft:signal_box_controller,mods.railcraft.common.blocks.machine.wayobjects.boxes.TileBoxController,+
railcraft:signal_box_interlock,mods.railcraft.common.blocks.machine.wayobjects.boxes.TileBoxInterlock,+
railcraft:signal_box_receiver,mods.railcraft.common.blocks.machine.wayobjects.boxes.TileBoxReceiver,+
railcraft:signal_box_relay,mods.railcraft.common.blocks.machine.wayobjects.boxes.TileBoxRelay,+
railcraft:signal_box_sequencer,mods.railcraft.common.blocks.machine.wayobjects.boxes.TileBoxSequencer,+
railcraft:signal_distant,mods.railcraft.common.blocks.machine.wayobjects.signals.TileSignalBlock,+
railcraft:signal_distant_dual,mods.railcraft.common.blocks.machine.wayobjects.signals.TileSignalDistantDual,+
railcraft:signal_token,mods.railcraft.common.blocks.machine.wayobjects.signals.TileSignalToken,+
railcraft:signal_token_dual,mods.railcraft.common.blocks.machine.wayobjects.signals.TileSignalTokenDual,+
railcraft:steam_oven,mods.railcraft.common.blocks.multi.TileSteamOven,+
railcraft:steam_trap_auto,mods.railcraft.common.blocks.machine.equipment.TileSteamTrapAuto,+
railcraft:steam_trap_manual,mods.railcraft.common.blocks.machine.equipment.TileSteamTrapManual,+
railcraft:steam_turbine,mods.railcraft.common.blocks.multi.TileSteamTurbine,+
railcraft:tank_iron_gauge,mods.railcraft.common.blocks.multi.TileTankIronGauge,+
railcraft:tank_iron_valve,mods.railcraft.common.blocks.multi.TileTankIronValve,+
railcraft:tank_iron_wall,mods.railcraft.common.blocks.multi.TileTankIronWall,+
railcraft:tank_steel_gauge,mods.railcraft.common.blocks.multi.TileTankSteelGauge,+
railcraft:tank_steel_valve,mods.railcraft.common.blocks.multi.TileTankSteelValve,+
railcraft:tank_steel_wall,mods.railcraft.common.blocks.multi.TileTankSteelWall,+
railcraft:track.outfitted,mods.railcraft.common.blocks.tracks.outfitted.TileTrackOutfitted,-
railcraft:track.outfitted.ticking,mods.railcraft.common.blocks.tracks.outfitted.TileTrackOutfittedTicking,+
railcraft:track_force,mods.railcraft.common.blocks.tracks.force.TileTrackForce,-
railcraft:trade_station,mods.railcraft.common.blocks.single.TileTradeStation,+
railcraft:water_tank,mods.railcraft.common.blocks.multi.TileTankWater,+
railcraft:worldspike_admin,mods.railcraft.common.blocks.machine.worldspike.TileWorldspikeAdmin,+
railcraft:worldspike_passive,mods.railcraft.common.blocks.machine.worldspike.TileWorldspikePassive,+
railcraft:worldspike_personal,mods.railcraft.common.blocks.machine.worldspike.TileWorldspikePersonal,+
railcraft:worldspike_standard,mods.railcraft.common.blocks.machine.worldspike.TileWorldspike,+
rangedpumps:pump,com.raoulvdberge.rangedpumps.tile.TilePump,+
realfilingcabinet:filingcabinet,com.bafomdad.realfilingcabinet.blocks.tiles.TileFilingCabinet,+
refinedstorage:cable,com.raoulvdberge.refinedstorage.tile.TileCable,-
refinedstorage:constructor,com.raoulvdberge.refinedstorage.tile.TileConstructor,-
refinedstorage:controller,com.raoulvdberge.refinedstorage.tile.TileController,+
refinedstorage:crafter,com.raoulvdberge.refinedstorage.tile.TileCrafter,-
refinedstorage:crafter_manager,com.raoulvdberge.refinedstorage.tile.TileCrafterManager,-
refinedstorage:crafting_monitor,com.raoulvdberge.refinedstorage.tile.craftingmonitor.TileCraftingMonitor,-
refinedstorage:destructor,com.raoulvdberge.refinedstorage.tile.TileDestructor,-
refinedstorage:detector,com.raoulvdberge.refinedstorage.tile.TileDetector,-
refinedstorage:disk_drive,com.raoulvdberge.refinedstorage.tile.TileDiskDrive,-
refinedstorage:disk_manipulator,com.raoulvdberge.refinedstorage.tile.TileDiskManipulator,-
refinedstorage:exporter,com.raoulvdberge.refinedstorage.tile.TileExporter,-
refinedstorage:external_storage,com.raoulvdberge.refinedstorage.tile.TileExternalStorage,-
refinedstorage:fluid_interface,com.raoulvdberge.refinedstorage.tile.TileFluidInterface,-
refinedstorage:fluid_storage,com.raoulvdberge.refinedstorage.tile.TileFluidStorage,-
refinedstorage:grid,com.raoulvdberge.refinedstorage.tile.grid.TileGrid,-
refinedstorage:importer,com.raoulvdberge.refinedstorage.tile.TileImporter,-
refinedstorage:interface,com.raoulvdberge.refinedstorage.tile.TileInterface,-
refinedstorage:network_receiver,com.raoulvdberge.refinedstorage.tile.TileNetworkReceiver,-
refinedstorage:network_transmitter,com.raoulvdberge.refinedstorage.tile.TileNetworkTransmitter,-
refinedstorage:portable_grid,com.raoulvdberge.refinedstorage.tile.grid.portable.TilePortableGrid,-
refinedstorage:reader,com.raoulvdberge.refinedstorage.tile.TileReader,-
refinedstorage:relay,com.raoulvdberge.refinedstorage.tile.TileRelay,-
refinedstorage:security_manager,com.raoulvdberge.refinedstorage.tile.TileSecurityManager,-
refinedstorage:storage,com.raoulvdberge.refinedstorage.tile.TileStorage,-
refinedstorage:storage_monitor,com.raoulvdberge.refinedstorage.tile.TileStorageMonitor,-
refinedstorage:wireless_transmitter,com.raoulvdberge.refinedstorage.tile.TileWirelessTransmitter,-
refinedstorage:writer,com.raoulvdberge.refinedstorage.tile.TileWriter,-
rflux:flatlightblock_off,romelo333.rflux.blocks.LightTEFlatOff,+
rflux:flatlightblock_on,romelo333.rflux.blocks.LightTEFlatOn,+
rflux:lightblock_off,romelo333.rflux.blocks.LightTEOff,+
rflux:lightblock_on,romelo333.rflux.blocks.LightTE,+
rftools:analog_block,mcjty.rftools.blocks.logic.analog.AnalogTileEntity,-
rftools:block_protector,mcjty.rftools.blocks.blockprotector.BlockProtectorTileEntity,+
rftools:booster,mcjty.rftools.blocks.booster.BoosterTileEntity,+
rftools:builder,mcjty.rftools.blocks.builder.BuilderTileEntity,+
rftools:coalgenerator,mcjty.rftools.blocks.generator.CoalGeneratorTileEntity,+
rftools:composer,mcjty.rftools.blocks.shaper.ComposerTileEntity,+
rftools:counter_block,mcjty.rftools.blocks.logic.counter.CounterTileEntity,-
rftools:crafter1,mcjty.rftools.blocks.crafter.CrafterBlockTileEntity1,+
rftools:crafter2,mcjty.rftools.blocks.crafter.CrafterBlockTileEntity2,+
rftools:crafter3,mcjty.rftools.blocks.crafter.CrafterBlockTileEntity3,+
rftools:creative_screen,mcjty.rftools.blocks.screens.CreativeScreenTileEntity,+
rftools:dialing_device,mcjty.rftools.blocks.teleporter.DialingDeviceTileEntity,-
rftools:digit_block,mcjty.rftools.blocks.logic.digit.DigitTileEntity,-
rftools:elevator,mcjty.rftools.blocks.elevator.ElevatorTileEntity,+
rftools:ender_monitor,mcjty.rftools.blocks.endergen.EnderMonitorTileEntity,+
rftools:endergenic,mcjty.rftools.blocks.endergen.EndergenicTileEntity,+
rftools:environmental_controller,mcjty.rftools.blocks.environmental.EnvironmentalControllerTileEntity,+
rftools:invchecker_block,mcjty.rftools.blocks.logic.invchecker.InvCheckerTileEntity,+
rftools:invisible_shield_block,mcjty.rftools.blocks.shield.TickShieldBlockTileEntity,-
rftools:item_filter,mcjty.rftools.blocks.itemfilter.ItemFilterTileEntity,-
rftools:level_emitter,mcjty.rftools.blocks.storage.LevelEmitterTileEntity,+
rftools:liquid_monitor,mcjty.rftools.blocks.monitor.LiquidMonitorBlockTileEntity,+
rftools:locator,mcjty.rftools.blocks.shaper.LocatorTileEntity,+
rftools:logic_block,mcjty.rftools.blocks.logic.threelogic.ThreeLogicTileEntity,-
rftools:machine_infuser,mcjty.rftools.blocks.infuser.MachineInfuserTileEntity,+
rftools:matter_beamer,mcjty.rftools.blocks.spawner.MatterBeamerTileEntity,+
rftools:matter_receiver,mcjty.rftools.blocks.teleporter.MatterReceiverTileEntity,+
rftools:matter_transmitter,mcjty.rftools.blocks.teleporter.MatterTransmitterTileEntity,+
rftools:modular_storage,mcjty.rftools.blocks.storage.ModularStorageTileEntity,+
rftools:notick_invisible_shield_block,mcjty.rftools.blocks.shield.NoTickShieldBlockTileEntity,-
rftools:notick_solid_shield_block,mcjty.rftools.blocks.shield.NoTickShieldSolidBlockTileEntity,-
rftools:pearl_injector,mcjty.rftools.blocks.endergen.PearlInjectorTileEntity,+
rftools:powercell,mcjty.rftools.blocks.powercell.PowerCellNormalTileEntity,+
rftools:powercell_advanced,mcjty.rftools.blocks.powercell.PowerCellAdvancedTileEntity,+
rftools:powercell_creative,mcjty.rftools.blocks.powercell.PowerCellCreativeTileEntity,+
rftools:powercell_simple,mcjty.rftools.blocks.powercell.PowerCellSimpleTileEntity,+
rftools:projector,mcjty.rftools.blocks.shaper.ProjectorTileEntity,+
rftools:redstone_receiver_block,mcjty.rftools.blocks.logic.wireless.RedstoneReceiverTileEntity,+
rftools:redstone_transmitter_block,mcjty.rftools.blocks.logic.wireless.RedstoneTransmitterTileEntity,-
rftools:relay,mcjty.rftools.blocks.relay.RelayTileEntity,+
rftools:remote_scanner,mcjty.rftools.blocks.shaper.RemoteScannerTileEntity,+
rftools:remote_storage,mcjty.rftools.blocks.storage.RemoteStorageTileEntity,+
rftools:rf_monitor,mcjty.rftools.blocks.monitor.RFMonitorBlockTileEntity,+
rftools:scanner,mcjty.rftools.blocks.shaper.ScannerTileEntity,+
rftools:screen,mcjty.rftools.blocks.screens.ScreenTileEntity,+
rftools:screen_controller,mcjty.rftools.blocks.screens.ScreenControllerTileEntity,+
rftools:screen_hitblock,mcjty.rftools.blocks.screens.ScreenHitTileEntity,-
rftools:security_manager,mcjty.rftools.blocks.security.SecurityManagerTileEntity,-
rftools:sensor_block,mcjty.rftools.blocks.logic.sensor.SensorTileEntity,+
rftools:sequencer_block,mcjty.rftools.blocks.logic.sequencer.SequencerTileEntity,+
rftools:shield_block1,mcjty.rftools.blocks.shield.ShieldTileEntity,+
rftools:shield_block2,mcjty.rftools.blocks.shield.ShieldTileEntity2,+
rftools:shield_block3,mcjty.rftools.blocks.shield.ShieldTileEntity3,+
rftools:shield_block4,mcjty.rftools.blocks.shield.ShieldTileEntity4,+
rftools:simple_dialer,mcjty.rftools.blocks.teleporter.SimpleDialerTileEntity,-
rftools:solid_shield_block,mcjty.rftools.blocks.shield.TickShieldSolidBlockTileEntity,-
rftools:space_chamber_controller,mcjty.rftools.blocks.builder.SpaceChamberControllerTileEntity,-
rftools:spawner,mcjty.rftools.blocks.spawner.SpawnerTileEntity,+
rftools:storage_scanner,mcjty.rftools.blocks.storagemonitor.StorageScannerTileEntity,+
rftools:storage_terminal,mcjty.rftools.blocks.storage.StorageTerminalTileEntity,-
rftools:timer_block,mcjty.rftools.blocks.logic.timer.TimerTileEntity,+
rftools:wire_block,mcjty.rftools.blocks.logic.wire.WireTileEntity,-
rftoolsdim:biome_absorber,mcjty.rftoolsdim.blocks.absorbers.BiomeAbsorberTileEntity,+
rftoolsdim:dimension_builder,mcjty.rftoolsdim.blocks.builder.DimensionBuilderTileEntity,+
rftoolsdim:dimension_editor,mcjty.rftoolsdim.blocks.editor.DimensionEditorTileEntity,+
rftoolsdim:dimension_enscriber,mcjty.rftoolsdim.blocks.enscriber.DimensionEnscriberTileEntity,-
rftoolsdim:dimlet_workbench,mcjty.rftoolsdim.blocks.workbench.DimletWorkbenchTileEntity,+
rftoolsdim:energy_extractor,mcjty.rftoolsdim.blocks.energyextractor.EnergyExtractorTileEntity,+
rftoolsdim:feature_absorber,mcjty.rftoolsdim.blocks.absorbers.FeatureAbsorberTileEntity,+
rftoolsdim:liquid_absorber,mcjty.rftoolsdim.blocks.absorbers.LiquidAbsorberTileEntity,+
rftoolsdim:material_absorber,mcjty.rftoolsdim.blocks.absorbers.MaterialAbsorberTileEntity,+
rftoolsdim:terrain_absorber,mcjty.rftoolsdim.blocks.absorbers.TerrainAbsorberTileEntity,+
rftoolsdim:time_absorber,mcjty.rftoolsdim.blocks.absorbers.TimeAbsorberTileEntity,+
signals:teleport_rail,com.minemaarten.signals.tileentity.TileEntityTeleportRail,-
solarflux:base_solar,com.zeitheron.solarflux.block.tile.TileBaseSolar,+
supersoundmuffler:sound_muffler,edgarallen.soundmuffler.block.TileEntitySoundMuffler,-
tcomplement:alloy_tank,knightminer.tcomplement.melter.tileentity.TileAlloyTank,+
tcomplement:chute,knightminer.tcomplement.steelworks.tileentity.TileHighOvenItemProxy$TileChute,-
tcomplement:duct,knightminer.tcomplement.steelworks.tileentity.TileHighOvenItemProxy$TileDuct,-
tcomplement:heater,knightminer.tcomplement.melter.tileentity.TileHeater,-
tcomplement:high_oven,knightminer.tcomplement.steelworks.tileentity.TileHighOven,+
tcomplement:melter,knightminer.tcomplement.melter.tileentity.TileMelter,+
techreborn:adjustable_su,techreborn.tiles.storage.TileAdjustableSU,+
techreborn:alarm,techreborn.tiles.TileAlarm,+
techreborn:alloy_smelter,techreborn.tiles.processing.TileAlloySmelter,+
techreborn:assembling_machine,techreborn.tiles.processing.TileAssemblingMachine,+
techreborn:auto_crafting_table,techreborn.tiles.tier1.TileAutoCraftingTable,+
techreborn:cable,techreborn.tiles.cable.TileCable,+
techreborn:cable_eu,techreborn.tiles.cable.TileCableEU,-
techreborn:charge_o_mat,techreborn.tiles.TileChargeOMat,+
techreborn:chemical_reactor,techreborn.tiles.processing.TileChemicalReactor,+
techreborn:chunk_loader,techreborn.tiles.TileChunkLoader,+
techreborn:compressor,techreborn.tiles.processing.TileCompressor,+
techreborn:creative_quantum_chest,techreborn.tiles.TileCreativeQuantumChest,+
techreborn:creative_quantum_tank,techreborn.tiles.TileCreativeQuantumTank,+
techreborn:creative_solar_panel,techreborn.tiles.generator.TileCreativeSolarPanel,+
techreborn:diesel_generator,techreborn.tiles.generator.fluid.lv.TileDieselGenerator,+
techreborn:digital_chest,techreborn.tiles.TileDigitalChest,+
techreborn:distillation_tower,techreborn.tiles.multiblock.TileDistillationTower,+
techreborn:dragon_egg_syphon,techreborn.tiles.generator.TileDragonEggSyphon,+
techreborn:electric_furnace,techreborn.tiles.tier1.TileElectricFurnace,+
techreborn:ev_transformer,techreborn.tiles.transformers.TileEVTransformer,+
techreborn:extractor,techreborn.tiles.processing.TileExtractor,+
techreborn:fluid_replicator,techreborn.tiles.multiblock.TileFluidReplicator,+
techreborn:fusion_control_computer,techreborn.tiles.fusionReactor.TileFusionControlComputer,+
techreborn:gas_turbine,techreborn.tiles.generator.fluid.lv.TileGasTurbine,+
techreborn:grinder,techreborn.tiles.processing.TileGrinder,+
techreborn:high_voltage_su,techreborn.tiles.storage.TileHighVoltageSU,+
techreborn:hv_transformer,techreborn.tiles.transformers.TileHVTransformer,+
techreborn:implosion_compressor,techreborn.tiles.multiblock.TileImplosionCompressor,+
techreborn:industrial_blast_furnace,techreborn.tiles.multiblock.TileIndustrialBlastFurnace,+
techreborn:industrial_centrifuge,techreborn.tiles.processing.TileIndustrialCentrifuge,+
techreborn:industrial_electrolyzer,techreborn.tiles.tier1.TileIndustrialElectrolyzer,+
techreborn:industrial_grinder,techreborn.tiles.multiblock.TileIndustrialGrinder,+
techreborn:industrial_sawmill,techreborn.tiles.multiblock.TileIndustrialSawmill,+
techreborn:interdimensional_su,techreborn.tiles.idsu.TileInterdimensionalSU,+
techreborn:iron_alloy_furnace,techreborn.tiles.tier0.TileIronAlloyFurnace,+
techreborn:iron_furnace,techreborn.tiles.tier0.TileIronFurnace,+
techreborn:lamp,techreborn.tiles.lighting.TileLamp,+
techreborn:lapotronic_su,techreborn.tiles.lesu.TileLapotronicSU,+
techreborn:lightning_rod,techreborn.tiles.generator.TileLightningRod,+
techreborn:low_voltage_su,techreborn.tiles.storage.TileLowVoltageSU,+
techreborn:lsu_storage,techreborn.tiles.lesu.TileLSUStorage,+
techreborn:lv_transformer,techreborn.tiles.transformers.TileLVTransformer,+
techreborn:machine_base,reborncore.common.tile.RebornMachineTile,+
techreborn:machine_casing,techreborn.tiles.TileMachineCasing,+
techreborn:matter_fabricator,techreborn.tiles.TileMatterFabricator,+
techreborn:medium_voltage_su,techreborn.tiles.storage.TileMediumVoltageSU,+
techreborn:mv_transformer,techreborn.tiles.transformers.TileMVTransformer,+
techreborn:plasma_generator,techreborn.tiles.generator.fluid.TilePlasmaGenerator,+
techreborn:plate_bending_machine,techreborn.tiles.processing.TilePlateBendingMachine,+
techreborn:player_detector,techreborn.tiles.tier1.TilePlayerDectector,+
techreborn:pump,techreborn.tiles.tier1.TilePump,+
techreborn:quantum_chest,techreborn.tiles.TileQuantumChest,+
techreborn:quantum_tank,techreborn.tiles.TileQuantumTank,+
techreborn:recycler,techreborn.tiles.processing.TileRecycler,+
techreborn:rolling_machine,techreborn.tiles.tier1.TileRollingMachine,+
techreborn:scrapboxinator,techreborn.tiles.tier1.TileScrapboxinator,+
techreborn:semi_fluid_generator,techreborn.tiles.generator.fluid.lv.TileSemiFluidGenerator,+
techreborn:solar_panel,techreborn.tiles.generator.TileSolarPanel,+
techreborn:solid_canning_machine,techreborn.tiles.processing.TileSolidCanningMachine,+
techreborn:solid_fuel_generator,techreborn.tiles.generator.TileSolidFuelGenerator,+
techreborn:thermal_generator,techreborn.tiles.generator.fluid.lv.TileThermalGenerator,+
techreborn:vacuum_freezer,techreborn.tiles.multiblock.TileVacuumFreezer,+
techreborn:water_mill,techreborn.tiles.generator.TileWaterMill,+
techreborn:wind_mill,techreborn.tiles.generator.TileWindMill,+
techreborn:wire_mill,techreborn.tiles.processing.TileWireMill,+
thermaldynamics:duct_energy_basic,cofh.thermaldynamics.duct.tiles.TileDuctEnergy$Basic,-
thermaldynamics:duct_energy_hardened,cofh.thermaldynamics.duct.tiles.TileDuctEnergy$Hardened,-
thermaldynamics:duct_energy_reinforced,cofh.thermaldynamics.duct.tiles.TileDuctEnergy$Reinforced,-
thermaldynamics:duct_energy_resonant,cofh.thermaldynamics.duct.tiles.TileDuctEnergy$Resonant,-
thermaldynamics:duct_energy_signalum,cofh.thermaldynamics.duct.tiles.TileDuctEnergy$Signalum,-
thermaldynamics:duct_energy_super,cofh.thermaldynamics.duct.tiles.TileDuctEnergySuper,-
thermaldynamics:duct_fluid_energy_opaque,cofh.thermaldynamics.duct.tiles.TileDuctFluid$Energy$Opaque,-
thermaldynamics:duct_fluid_energy_transparent,cofh.thermaldynamics.duct.tiles.TileDuctFluid$Energy$Transparent,-
thermaldynamics:duct_fluid_fragile_opaque,cofh.thermaldynamics.duct.tiles.TileDuctFluid$Basic$Opaque,-
thermaldynamics:duct_fluid_fragile_transparent,cofh.thermaldynamics.duct.tiles.TileDuctFluid$Basic$Transparent,-
thermaldynamics:duct_fluid_hardened_opaque,cofh.thermaldynamics.duct.tiles.TileDuctFluid$Hardened$Opaque,-
thermaldynamics:duct_fluid_hardened_transparent,cofh.thermaldynamics.duct.tiles.TileDuctFluid$Hardened$Transparent,-
thermaldynamics:duct_fluid_super_opaque,cofh.thermaldynamics.duct.tiles.TileDuctFluid$Super$Opaque,-
thermaldynamics:duct_fluid_super_transparent,cofh.thermaldynamics.duct.tiles.TileDuctFluid$Super$Transparent,-
thermaldynamics:duct_item_energy_fast_opaque,cofh.thermaldynamics.duct.tiles.TileDuctItem$EnergyFast$Opaque,-
thermaldynamics:duct_item_energy_fast_transparent,cofh.thermaldynamics.duct.tiles.TileDuctItem$EnergyFast$Transparent,-
thermaldynamics:duct_item_energy_opaque,cofh.thermaldynamics.duct.tiles.TileDuctItem$Energy$Opaque,-
thermaldynamics:duct_item_energy_transparent,cofh.thermaldynamics.duct.tiles.TileDuctItem$Energy$Transparent,-
thermaldynamics:duct_item_fast_opaque,cofh.thermaldynamics.duct.tiles.TileDuctItem$Fast$Opaque,-
thermaldynamics:duct_item_fast_transparent,cofh.thermaldynamics.duct.tiles.TileDuctItem$Fast$Transparent,-
thermaldynamics:duct_item_opaque,cofh.thermaldynamics.duct.tiles.TileDuctItem$Basic$Opaque,-
thermaldynamics:duct_item_transparent,cofh.thermaldynamics.duct.tiles.TileDuctItem$Basic$Transparent,-
thermaldynamics:duct_structure,cofh.thermaldynamics.duct.tiles.TileStructuralDuct,-
thermaldynamics:duct_transport_basic,cofh.thermaldynamics.duct.tiles.TileTransportDuct,-
thermaldynamics:duct_transport_linking,cofh.thermaldynamics.duct.tiles.TileTransportDuct$Linking,-
thermaldynamics:duct_transport_long_range,cofh.thermaldynamics.duct.tiles.TileTransportDuct$LongRange,-
thermalexpansion:apparatus_breaker,cofh.thermalexpansion.block.apparatus.TileBreaker,+
thermalexpansion:apparatus_collector,cofh.thermalexpansion.block.apparatus.TileCollector,+
thermalexpansion:device_diffuser,cofh.thermalexpansion.block.device.TileDiffuser,+
thermalexpansion:device_factorizer,cofh.thermalexpansion.block.device.TileFactorizer,+
thermalexpansion:device_fisher,cofh.thermalexpansion.block.device.TileFisher,+
thermalexpansion:device_fluid_buffer,cofh.thermalexpansion.block.device.TileFluidBuffer,+
thermalexpansion:device_heat_sink,cofh.thermalexpansion.block.device.TileHeatSink,+
thermalexpansion:device_item_buffer,cofh.thermalexpansion.block.device.TileItemBuffer,+
thermalexpansion:device_item_collector,cofh.thermalexpansion.block.device.TileItemCollector,+
thermalexpansion:device_lexicon,cofh.thermalexpansion.block.device.TileLexicon,+
thermalexpansion:device_mob_catcher,cofh.thermalexpansion.block.device.TileMobCatcher,+
thermalexpansion:device_nullifier,cofh.thermalexpansion.block.device.TileNullifier,-
thermalexpansion:device_tapper,cofh.thermalexpansion.block.device.TileTapper,+
thermalexpansion:device_water_gen,cofh.thermalexpansion.block.device.TileWaterGen,+
thermalexpansion:device_xp_collector,cofh.thermalexpansion.block.device.TileXpCollector,+
thermalexpansion:dynamo_compression,cofh.thermalexpansion.block.dynamo.TileDynamoCompression,+
thermalexpansion:dynamo_enervation,cofh.thermalexpansion.block.dynamo.TileDynamoEnervation,+
thermalexpansion:dynamo_magmatic,cofh.thermalexpansion.block.dynamo.TileDynamoMagmatic,+
thermalexpansion:dynamo_numismatic,cofh.thermalexpansion.block.dynamo.TileDynamoNumismatic,+
thermalexpansion:dynamo_reactant,cofh.thermalexpansion.block.dynamo.TileDynamoReactant,+
thermalexpansion:dynamo_steam,cofh.thermalexpansion.block.dynamo.TileDynamoSteam,+
thermalexpansion:machine_brewer,cofh.thermalexpansion.block.machine.TileBrewer,+
thermalexpansion:machine_centrifuge,cofh.thermalexpansion.block.machine.TileCentrifuge,+
thermalexpansion:machine_charger,cofh.thermalexpansion.block.machine.TileCharger,+
thermalexpansion:machine_compactor,cofh.thermalexpansion.block.machine.TileCompactor,+
thermalexpansion:machine_crafter,cofh.thermalexpansion.block.machine.TileCrafter,+
thermalexpansion:machine_crucible,cofh.thermalexpansion.block.machine.TileCrucible,+
thermalexpansion:machine_enchanter,cofh.thermalexpansion.block.machine.TileEnchanter,+
thermalexpansion:machine_extruder,cofh.thermalexpansion.block.machine.TileExtruder,+
thermalexpansion:machine_furnace,cofh.thermalexpansion.block.machine.TileFurnace,+
thermalexpansion:machine_insolator,cofh.thermalexpansion.block.machine.TileInsolator,+
thermalexpansion:machine_precipitator,cofh.thermalexpansion.block.machine.TilePrecipitator,+
thermalexpansion:machine_pulverizer,cofh.thermalexpansion.block.machine.TilePulverizer,+
thermalexpansion:machine_refinery,cofh.thermalexpansion.block.machine.TileRefinery,+
thermalexpansion:machine_sawmill,cofh.thermalexpansion.block.machine.TileSawmill,+
thermalexpansion:machine_smelter,cofh.thermalexpansion.block.machine.TileSmelter,+
thermalexpansion:machine_transposer,cofh.thermalexpansion.block.machine.TileTransposer,+
thermalexpansion:storage_cache,cofh.thermalexpansion.block.storage.TileCache,-
thermalexpansion:storage_cell,cofh.thermalexpansion.block.storage.TileCell,+
thermalexpansion:storage_strongbox,cofh.thermalexpansion.block.storage.TileStrongbox,+
thermalexpansion:storage_tank,cofh.thermalexpansion.block.storage.TileTank,+
torchmaster:feral_flare_lantern,net.xalcon.torchmaster.common.tiles.TileEntityFeralFlareLantern,+
torchmaster:mega_torch,net.xalcon.torchmaster.common.tiles.TileEntityMegaTorch,+
torchmaster:terrain_lighter,net.xalcon.torchmaster.common.tiles.TileEntityTerrainLighter,+
tp:blaze_cobblegen_block,com.kashdeya.tinyprogressions.tiles.TileEntityBlazeCobblegen,+
tp:cobblegen_block,com.kashdeya.tinyprogressions.tiles.TileEntityCobblegen,+
tp:diamond_cobblegen_block,com.kashdeya.tinyprogressions.tiles.TileEntityDiamondCobblegen,+
tp:emerald_cobblegen_block,com.kashdeya.tinyprogressions.tiles.TileEntityEmeraldCobblegen,+
tp:iron_cobblegen_block,com.kashdeya.tinyprogressions.tiles.TileEntityIronCobblegen,+
tp:iron_furnace_block,com.kashdeya.tinyprogressions.tiles.TileEntityOreDoubler,+
waystones:waystone,net.blay09.mods.waystones.block.TileWaystone,-